"Volg nr.";ID-ON;"SR- Schadenr";"Datum Opname";"Status Schade";Proces;"Status proces";Opmerking1;Bron;"Datum Schouw";Weg;Baan;DVK;Strook;"Hm van";"Tot Hm";"Verl.
Aanw";"Sign.
aanw";"IVON Plan";"Risico klasse";"Ernst klasse";Schadebeeld;"Aantal (stuks)
gaten/ scheuren";"Lengte in m";"Breedte in m";"Opper vlakte in m2";"Huidige deklaag";Lussen;Onderzoek;"Datum Garantie tot1";"Unieke Garantie Code";"Naam Garantiegever";Opmerking2;"Type inzet";"Advies aanpak";Foto's;Schets;"Plan Datum";Opm.;Offertenr.;"Datum Mail Akkoord";Opdrachtnr.;"Opdracht Datum";"Kosten Indicatie";Opmerking3;"Datum Uitvoering";"Type Asfalt";"Datum Garantie tot2";Opmerking4;"Afl. dossier nr.";Volgnr.;"Def. Bedrag";"Datum Ontvangst RWS";"Datum Techn. Akkoord";"Datum Fin. Akkoord";"Datum Akkoord CM";"Datum PV";Opmerking5
1;1;;;;;11-5-2018;11-5-2018;Veilig;Veilig;Spoed;Spoed;Plan;Plan;"melding 180511-000275";"melding 180511-000275";800;800;7-6-2018;7-6-2018;A1;A1;VW;VW;x;x;VZP;VZP;81,5;81,5;81,7;81,7;Nee;Nee;Nee;Nee;;;;;3;3;"Diverse gaten en scheuren";"Diverse gaten en scheuren";>5;>5;;;;;;;DAB;DAB;;;;;;;;;;;;;HB;HB;7;7;Ja;Ja;;;3-12-2018;3-12-2018;;;HB-004;HB-004;15-11-2018;15-11-2018;HB-004;HB-004;;;"? 8.200,00";"? 8.200,00";;;;;;;;;;;;;;;;;;;;;;;;;;;;
2;2;C-107;C-107;;;15-5-2018;15-5-2018;Open;Open;Vervolg;Vervolg;Plan;Plan;"melding 180515-000268";"melding 180515-000268";800;800;7-6-2018;7-6-2018;A1;A1;HRL;HRL;;;1V-L;1V-L;78,7;78,7;78,7;78,7;Nee;Nee;Nee;Nee;;;;;3;3;Gat;Gat;1;1;;;;;;;ZOAB;ZOAB;;;;;;;;;;;;;HB;HB;9;9;Ja;Ja;;;28-11-2018;28-11-2018;;;HB-001;HB-001;4-10-2018;4-10-2018;HB-001;HB-001;;;"? 10.900,00";"? 10.900,00";;;;;;;;;;;;;;;;;;;;;;;;;;;;
3;3;C-107;C-107;;;15-5-2018;15-5-2018;Open;Open;Vervolg;Vervolg;Plan;Plan;"melding 180515-000291";"melding 180515-000291";800;800;7-6-2018;7-6-2018;A1;A1;HRL;HRL;;;1V-L;1V-L;78,4;78,4;78,4;78,4;Nee;Nee;Nee;Nee;;;;;3;3;Gat;Gat;1;1;;;;;;;ZOAB;ZOAB;;;;;;;;;;;;;HB;HB;9;9;Ja;Ja;;;28-11-2018;28-11-2018;;;HB-001;HB-001;4-10-2018;4-10-2018;HB-001;HB-001;;;;;;;;;;;;;;;;;;;;;;;;;;;;;;;;
4;4;C-107;C-107;;;15-5-2018;15-5-2018;Open;Open;LVO;LVO;Plan;Plan;"melding 180515-000295";"melding 180515-000295";800;800;7-6-2018;7-6-2018;A1;A1;HRL;HRL;;;2R-L;2R-L;68,8;68,8;68,8;68,8;Nee;Nee;Nee;Nee;;;;;2;2;Gat;Gat;1;1;;;;;;;ZOAB;ZOAB;Ja;Ja;;;;;;;;;;;RB;RB;;;Ja;Ja;Ja;Ja;;;;;UP-009;UP-009;;;;;;;;;;;;;;;;;;;;;;;;;;;;;;;;;;;;
5;5;C-78;C-78;;;15-5-2018;15-5-2018;Open;Open;Garantie;Garantie;Hold;Hold;"melding 180515-000306";"melding 180515-000306";800;800;7-6-2018;7-6-2018;A1;A1;HRL;HRL;;;2R-L;2R-L;48,7;48,7;48,7;48,7;Ja;Ja;Ja;Ja;;;;;3;3;Gat;Gat;1;1;;;;;;;ZOEAB;ZOEAB;Ja;Ja;;;15-6-2019;15-6-2019;;;;;;;HB;HB;12;12;Ja;Ja;;;;;;;;;;;;;;;;;;;;;;;;;;;;;;;;;;;;;;;;;;;;
6;6;;;;;16-5-2018;16-5-2018;Open;Open;Monitoren;Monitoren;Hold;Hold;"melding 180516-000289";"melding 180516-000289";800;800;7-6-2018;7-6-2018;A1;A1;HRR;HRR;;;3R-R;3R-R;96;96;96;96;Ja;Ja;Ja;Ja;;;;;2;2;Gat;Gat;1;1;;;;;;;ZOABTW;ZOABTW;;;;;;;;;;;;;MON;MON;;;Ja;Ja;;;;;;;;;;;;;;;;;;;;;;;;;;;;;;;;;;;;;;;;;;;;
7;7;;;;;17-5-2018;17-5-2018;Open;Open;;;Bespreken;Bespreken;"melding 180517-000421";"melding 180517-000421";800;800;18-6-2018;18-6-2018;A1;A1;HRL;HRL;;;2U-L;2U-L;89,4;89,4;89,2;89,2;Ja;Ja;Ja;Ja;;;;;3;3;Geul;Geul;1;1;;;;;;;ZOABTW;ZOABTW;;;;;;;;;;;;;RB;RB;;;Ja;Ja;;;;;;;;;;;;;;;;;;;;;;;;;;;;;;;;;;;;;;;;;;;;
8;8;C-78;C-78;;;21-5-2018;21-5-2018;Open;Open;Vervolg;Vervolg;Plan;Plan;"melding 180521-000109";"melding 180521-000109";800;800;7-6-2018;7-6-2018;A1;A1;HRL;HRL;;;1U-L;1U-L;56,5;56,5;56,5;56,5;Nee;Nee;Nee;Nee;;;;;3;3;Gat;Gat;1;1;;;;;;;DAB;DAB;;;;;;;;;;;;;HB;HB;9;9;Ja;Ja;;;28-11-2018;28-11-2018;;;HB-001;HB-001;4-10-2018;4-10-2018;HB-001;HB-001;;;;;;;;;;;;;;;;;;;;;;;;;;;;;;;;
10;10;;;;;24-5-2018;24-5-2018;Open;Open;;;Bespreken;Bespreken;"melding 180524-000019";"melding 180524-000019";800;800;7-6-2018;7-6-2018;A1;A1;VW;VW;j;j;1R-R;1R-R;88;88;88;88;Ja;Ja;Ja;Ja;;;;;3;3;Gaten;Gaten;2;2;;;;;;;SMA;SMA;;;;;;;;;;;;;RB;RB;;;Ja;Ja;;;;;;;;;;;;;;;;;;;;;;;;;;;;;;;;;;;;;;;;;;;;
11;11;;;;;25-5-2018;25-5-2018;Open;Open;Spoed;Spoed;Plan;Plan;"melding 180525-000238";"melding 180525-000238";800;800;7-6-2018;7-6-2018;A1;A1;HRL;HRL;;;2R-L;2R-L;67,9;67,9;67,9;67,9;Nee;Nee;Nee;Nee;;;;;3;3;Gat;Gat;1;1;;;;;;;DAD;DAD;;;;;;;;;;;;;HB;HB;9;9;Ja;Ja;;;28-11-2018;28-11-2018;;;HB-001;HB-001;4-10-2018;4-10-2018;HB-001;HB-001;;;;;;;;;;;;;;;;;;;;;;;;;;;;;;;;
12;12;;;;;28-5-2018;28-5-2018;Open;Open;Monitoren;Monitoren;Hold;Hold;"melding 180528-000223";"melding 180528-000223";800;800;25-6-2018;25-6-2018;A28;A28;HRL;HRL;d;d;2R-L;2R-L;105,05;105,05;105,05;105,05;Ja;Ja;Nee;Nee;;;;;2;2;Gat;Gat;1;1;;;;;;;SMA;SMA;;;;;;;;;;;;;MON;MON;;;Ja;Ja;;;;;;;;;;;;;;;;;;;;;;;;;;;;;;;;;;;;;;;;;;;;
14;14;C-74;C-74;;;13-6-2018;13-6-2018;Open;Open;Garantie;Garantie;Hold;Hold;Mail;Mail;OG;OG;13-6-2018;13-6-2018;A32;A32;HRL;HRL;;;1I-L;1I-L;18,7;18,7;18,7;18,7;Nee;Nee;Nee;Nee;;;;;3;3;"Gat en diepe scheur";"Gat en diepe scheur";1;1;;;;;;;ZOAB/ZOEAB;ZOAB/ZOEAB;;;;;15-6-2024;15-6-2024;;;;;;;RB;RB;;;Ja;Ja;;;;;;;;;;;;;;;;;;;;;;;;;;;;;;;;;;;;;;;;;;;;
17;17;C-30;C-30;7500094164;7500094164;28-5-2018;28-5-2018;Veilig;Veilig;Calamiteit;Calamiteit;Hersteld;Hersteld;"Calamiteit met restschade";"Calamiteit met restschade";WIS;WIS;28-5-2018;28-5-2018;A28;A28;HRR;HRR;;;"2R-R; 1V-R";"2R-R; 1V-R";62,2;62,2;62,2;62,2;Nee;Nee;Nee;Nee;;;;;3;3;"Div grote schadebeelden";"Div grote schadebeelden";>5;>5;;;;;;;DAB;DAB;;;;;;;;;;;;;MON;MON;;;Ja;Ja;;;;;;;;;;;;;;;;;;;;;;;;;;;;;;;;;;;;;;;;;;;;
19;19;C-68;C-68;;;10-6-2018;10-6-2018;Open;Open;Calamiteit;Calamiteit;Hold;Hold;;;WIS;WIS;10-6-2018;10-6-2018;A1;A1;HRL;HRL;;;3R-L;3R-L;93,3;93,3;93,3;93,3;Ja;Ja;Ja;Ja;;;;;1;1;Krassen;Krassen;1;1;;;;;;;ZOABTW;ZOABTW;;;;;31-12-2021;31-12-2021;;;;;;;MON;MON;;;Ja;Ja;;;;;;;;;;;;;;;;;;;;;;;;;;;;;;;;;;;;;;;;;;;;
20;20;C-79;C-79;;;14-6-2018;14-6-2018;Veilig;Veilig;Calamiteit;Calamiteit;Hersteld;Hersteld;"Calamiteit met restschade";"Calamiteit met restschade";WIS;WIS;14-6-2018;14-6-2018;A28;A28;HRL;HRL;;;"2R-L; 3R-L; 1U-L";"2R-L; 3R-L; 1U-L";112,3;112,3;112,3;112,3;Nee;Nee;Ja;Ja;;;;;3;3;Brandschade;Brandschade;;;;;;;;;ZOABTW;ZOABTW;;;;;;;;;;;;;MON;MON;;;Ja;Ja;;;;;;;;;;;;;;;;;;;;;;;;;;;;;;;;;;;;;;;;;;;;
21;21;;;;;18-6-2018;18-6-2018;Open;Open;;;Bespreken;Bespreken;"melding 180618-000620.1";"melding 180618-000620.1";800;800;14-7-2018;14-7-2018;A1;A1;HRR;HRR;;;3R-R;3R-R;86,6;86,6;86,9;86,9;Ja;Ja;Ja;Ja;;;;;3;3;Gaten;Gaten;>5;>5;;;;;;;ZOABTW;ZOABTW;;;;;;;;;;;;;RB;RB;;;Ja;Ja;;;;;;;;;;;;;;;;;"Melding was herzien d.d. 30-7-18, locatie was onjuist doorgegeven.";"Melding was herzien d.d. 30-7-18, locatie was onjuist doorgegeven.";;;;;;;;;;;;;;;;;;;;;;;;;;
22;22;;;;;25-6-2018;25-6-2018;Open;Open;Monitoren;Monitoren;Hold;Hold;;;ON;ON;25-6-2018;25-6-2018;A28;A28;HRL;HRL;;;1R-L;1R-L;110,55;110,55;110,55;110,55;Nee;Nee;Ja;Ja;;;;;2;2;Rafeling;Rafeling;;;;;;;;;ZOAB;ZOAB;;;;;;;;;;;;;HB;HB;11;11;Ja;Ja;;;;;"ZSM2 traject";"ZSM2 traject";;;;;;;;;;;;;;;;;;;;;;;;;;;;;;;;;;;;;;
23;23;;;;;24-6-2018;24-6-2018;Open;Open;Spoed;Spoed;Plan;Plan;"melding 180624-000065";"melding 180624-000065";800;800;14-7-2018;14-7-2018;A32;A32;HRL;HRL;;;1R-L;1R-L;6,7;6,7;6,9;6,9;Ja;Ja;Ja;Ja;;;;;3;3;Gat;Gat;1;1;;;;;;;ZOABTW;ZOABTW;;;;;;;;;;;;;HB;HB;12;12;Ja;Ja;;;29-11-2018;29-11-2018;;;HB-006;HB-006;15-11-2018;15-11-2018;HB-006;HB-006;;;"? 10.900,00";"? 10.900,00";;;;;;;;;;;;;;;;;;;;;;;;;;;;
24;24;C-106;C-106;;;26-6-2018;26-6-2018;Open;Open;Calamiteit;Calamiteit;Hold;Hold;;;WIS;WIS;26-6-2018;26-6-2018;A50;A50;HRL;HRL;;;2R-L;2R-L;207,2;207,2;207,2;207,2;Ja;Ja;Nee;Nee;;;;;2;2;Krassen;Krassen;1;1;;;;;;;ZOAB;ZOAB;;;;;1-12-2022;1-12-2022;;;;;;;MON;MON;;;Ja;Ja;;;;;;;;;;;;;;;;;;;;;;;;;;;;;;;;;;;;;;;;;;;;
25;25;C-107;C-107;;;26-6-2018;26-6-2018;Open;Open;LVO;LVO;Plan;Plan;;;WIS;WIS;26-6-2018;26-6-2018;A1;A1;HRL;HRL;;;VAR;VAR;79;79;77;77;Nee;Nee;Nee;Nee;;;;;3;3;"Diverse gaten";"Diverse gaten";>5;>5;;;;;;;VAR;VAR;Ja;Ja;;;;;;;;;;;BB;BB;;;Ja;Ja;Ja;Ja;;;;;UP-009;UP-009;;;;;;;;;;;;;;;;;;;;;;;;;;;;;;;;;;;;
26;26;C-112;C-112;;;29-6-2018;29-6-2018;Open;Open;Calamiteit;Calamiteit;Hold;Hold;;;WIS;WIS;29-6-2018;29-6-2018;A28;A28;VW;VW;n;n;ALL;ALL;92,8;92,8;92,8;92,8;Ja;Ja;Ja;Ja;;;;;2;2;"Gat en voegrubber beschadigd";"Gat en voegrubber beschadigd";1;1;;;;;;;ZOABTW;ZOABTW;;;;;;;;;;;;;MON;MON;;;Ja;Ja;;;;;;;;;;;;;;;;;;;;;;;;;;;;;;;;;;;;;;;;;;;;
27;27;C-115;C-115;;;21-9-2018;21-9-2018;Open;Open;Calamiteit;Calamiteit;Hold;Hold;;;WIS;WIS;21-9-2018;21-9-2018;A28;A28;HRR;HRR;;;1R-R;1R-R;67,2;67,2;67,2;67,2;Nee;Nee;Nee;Nee;;;;;3;3;Krassen;Krassen;;;;;;;;;ZOAB;ZOAB;;;;;;;;;;;;;MON;MON;;;Ja;Ja;;;;;;;;;;;;;;;;;;;;;;;;;;;;;;;;;;;;;;;;;;;;
28;28;C-126;C-126;;;3-7-2018;3-7-2018;Open;Open;Garantie;Garantie;Hold;Hold;;;WIS;WIS;3-7-2018;3-7-2018;A28;A28;HRR;HRR;;;"1R-R; 2R-R";"1R-R; 2R-R";92,9;92,9;92,9;92,9;Ja;Ja;Ja;Ja;;;;;3;3;Gat;Gat;1;1;;;;;;;ZOABTW;ZOABTW;;;;;1-12-2021;1-12-2021;;;;;;;HB;HB;12;12;Ja;Ja;;;;;"ZSM2 traject";"ZSM2 traject";;;;;;;;;;;;;;;;;;;;;;;;;;;;;;;;;;;;;;
29;29;C-192;C-192;;;13-7-2018;13-7-2018;Open;Open;Vervolg;Vervolg;Plan;Plan;;;WIS;WIS;13-7-2018;13-7-2018;A32;A32;HRL;HRL;d;d;1R-L;1R-L;16;16;16;16;Nee;Nee;Nee;Nee;;;;;3;3;Gat;Gat;1;1;;;;;;;ZOAB;ZOAB;;;;;;;;;;;;;HB;HB;9;9;Ja;Ja;;;27-11-2018;27-11-2018;;;HB-002;HB-002;4-10-2018;4-10-2018;HB-002;HB-002;;;"? 10.900,00";"? 10.900,00";;;;;;;;;;;;;;;;;;;;;;;;;;;;
30;30;;;;;23-7-2018;23-7-2018;Open;Open;LVO;LVO;Plan;Plan;"melding 180723-000219";"melding 180723-000219";800;800;24-7-2018;24-7-2018;A28;A28;HRL;HRL;;;3R-L;3R-L;113,5;113,5;113,5;113,5;Nee;Nee;Ja;Ja;;;;;3;3;"Verzakking en dwarsscheuren";"Verzakking en dwarsscheuren";2;2;;;;;;;ZOAB;ZOAB;;;;;;;;;;;;;RB;RB;;;Ja;Ja;;;;;;;;;;;;;;;;;;;;;;;;;;;;;;;;;;;;;;;;;;;;
31;31;C-226;C-226;;;24-7-2018;24-7-2018;Open;Open;LVO;LVO;Plan;Plan;;;WIS;WIS;24-7-2018;24-7-2018;A28;A28;VW;VW;p;p;1R-R;1R-R;101,4;101,4;101,4;101,4;Nee;Nee;Ja;Ja;;;;;3;3;"Diverse gaten";"Diverse gaten";>5;>5;;;;;;;SMA;SMA;;;;;;;;;;;;;BB;BB;;;Ja;Ja;Ja;Ja;;;;;UP-001;UP-001;;;;;;;;;;;;;;;;;;;;;;;;;;;;;;;;;;;;
32;32;C-239;C-239;;;26-7-2018;26-7-2018;Veilig;Veilig;Vervolg;Vervolg;Plan;Plan;;;WIS;WIS;26-7-2018;26-7-2018;A28;A28;HRL;HRL;;;VAR;VAR;113,6;113,6;113,6;113,6;Ja;Ja;Ja;Ja;;;;;3;3;"Diverse gaten";"Diverse gaten";1;1;;;;;;;ZOAB;ZOAB;;;;;;;;;;;;;HB;HB;12;12;Ja;Ja;;;27-11-2018;27-11-2018;;;HB-002;HB-002;4-10-2018;4-10-2018;HB-002;HB-002;;;;;;;;;;;;;;;;;;;;;;;;;;;;;;;;
33;33;C-240;C-240;;;26-7-2018;26-7-2018;Open;Open;Garantie;Garantie;Hold;Hold;;;WIS;WIS;26-7-2018;26-7-2018;A28;A28;HRL;HRL;;;"3R-L; 1W-L";"3R-L; 1W-L";95,4;95,4;95,4;95,4;Ja;Ja;Ja;Ja;;;;;2;2;Krassen;Krassen;2;2;;;;;;;ZOABTW;ZOABTW;;;;;1-12-2021;1-12-2021;;;;;;;MON;MON;;;Ja;Ja;;;;;;;;;;;;;;;;;;;;;;;;;;;;;;;;;;;;;;;;;;;;
34;34;C-270;C-270;;;7-8-2018;7-8-2018;Open;Open;LVO;LVO;Hold;Hold;"UP-004 on hold gezet door OG";"UP-004 on hold gezet door OG";WIS;WIS;7-8-2018;7-8-2018;A1;A1;HRR;HRR;;;"VL-R; 3R-R";"VL-R; 3R-R";90,3;90,3;90,3;90,3;Ja;Ja;Ja;Ja;;;;;3;3;Gat;Gat;1;1;;;;;;;ZOABTW;ZOABTW;Ja;Ja;;;;;;;;;;;BB;BB;"In UP-004, locatie 2";"In UP-004, locatie 2";Ja;Ja;Ja;Ja;;;;;UP-004;UP-004;;;;;;;;;"Locatie 2";"Locatie 2";;;;;;;;;;;;;;;;;;;;;;;;;;
35;35;;;;;29-7-2018;29-7-2018;Open;Open;Monitoren;Monitoren;Hold;Hold;"melding 180814-001367";"melding 180814-001367";800;800;29-7-2018;29-7-2018;A1;A1;HRR;HRR;;;1R-R;1R-R;98,5;98,5;98,5;98,5;Ja;Ja;Ja;Ja;;;;;2;2;Verzakking;Verzakking;;;;;;;;;ZOAB;ZOAB;;;;;;;;;;;;;MON;MON;;;Ja;Ja;;;;;;;;;;;;;;;;;;;;;;;;;;;;;;;;;;;;;;;;;;;;
37;37;;;;;29-8-2018;29-8-2018;Open;Open;;;Bespreken;Bespreken;;;WIS;WIS;29-8-2018;29-8-2018;A32;A32;HRL;HRL;d;d;1R-L;1R-L;13;13;13;13;Ja;Ja;Nee;Nee;;;;;3;3;Gat;Gat;1;1;;;;;;;SMA;SMA;;;;;;;;;;;;;BB;BB;;;Ja;Ja;;;;;;;;;;;;;;;;;;;;;;;;;;;;;;;;;;;;;;;;;;;;
38;38;C-313;C-313;7500095967;7500095967;19-8-2018;19-8-2018;Open;Open;Vervolg;Vervolg;Plan;Plan;;;WIS;WIS;19-8-2018;19-8-2018;A50;A50;HRL;HRL;;;VL-L;VL-L;222,2;222,2;222,2;222,2;Ja;Ja;Nee;Nee;;;;;3;3;Brandschade;Brandschade;;;;;;;;;ZOAB;ZOAB;;;;;;;;;;;;;RB;RB;;;Ja;Ja;;;;;;;;;;;;;;;;;C-313_7500095967;C-313_7500095967;;;;;;;;;;;;;;;;;;;;;;;;;;
39;39;C-325;C-325;;;22-8-2018;22-8-2018;Open;Open;Calamiteit;Calamiteit;Hold;Hold;;;WIS;WIS;22-8-2018;22-8-2018;A1;A1;HRL;HRL;;;"1R-L; 2R-L";"1R-L; 2R-L";55,7;55,7;55,7;55,7;Nee;Nee;Nee;Nee;;;;;2;2;Krassen;Krassen;1;1;;;;;;;ZOAB;ZOAB;;;;;;;;;;;;;MON;MON;;;Ja;Ja;;;;;;;;;;;;;;;;;;;;;;;;;;;;;;;;;;;;;;;;;;;;
40;40;C-327;C-327;;;24-8-2018;24-8-2018;Open;Open;;;Bespreken;Bespreken;;;WIS;WIS;24-8-2018;24-8-2018;N50;N50;HRM;HRM;;;1R-R/L;1R-R/L;250,5;250,5;250,5;250,5;Nee;Nee;Nee;Nee;;;;;3;3;Gaten;Gaten;2;2;;;;;;;ZOAB;ZOAB;;;;;;;;;;;;;RB;RB;;;Ja;Ja;;;;;;;;;;;;;;;;;;;;;;;;;;;;;;;;;;;;;;;;;;;;
41;41;C-328;C-328;;;24-8-2018;24-8-2018;Open;Open;;;Bespreken;Bespreken;;;WIS;WIS;24-8-2018;24-8-2018;A1;A1;HRR;HRR;;;3R-R;3R-R;89,9;89,9;89,9;89,9;Ja;Ja;Ja;Ja;;;;;3;3;Gaten;Gaten;1;1;;;;;;;ZOABTW;ZOABTW;;;;;;;;;;;;;RB;RB;;;Ja;Ja;;;;;;;;;;;;;;;;;;;;;;;;;;;;;;;;;;;;;;;;;;;;
42;42;C-331;C-331;;;27-8-2018;27-8-2018;Veilig;Veilig;Calamiteit;Calamiteit;Gereed;Gereed;;;WIS;WIS;27-8-2018;27-8-2018;A28;A28;HRL;HRL;;;3R-L;3R-L;93,5;93,5;93,5;93,5;Ja;Ja;Ja;Ja;;;;;3;3;Gaten;Gaten;1;1;;;;;;;ZOABTW;ZOABTW;;;;;;;;;;;;;BB;BB;;;Ja;Ja;;;;;;;;;;;;;;;;;Voegovergang;Voegovergang;;;;;;;;;;;;;;;;;;;;;;;;;;
43;43;U123S180820103147;U123S180820103147;7500094140;7500094140;20-8-2018;20-8-2018;Open;Open;SR;SR;Plan;Plan;;;ON;ON;20-8-2018;20-8-2018;A1;A1;HRR;HRR;;;VL-R;VL-R;80,2;80,2;80,2;80,2;Nee;Nee;Nee;Nee;;;;;2;2;Brandschade;Brandschade;;;;;;;;;DAB;DAB;;;;;;;;;;;;;RB;RB;;;Ja;Ja;;;;;;;;;;;;;;;;;;;;;;;;;;;;;;;;;;;;;;;;;;;;
44;44;;;;;6-9-2018;6-9-2018;Veilig;Veilig;Spoed;Spoed;Plan;Plan;;;WIS;WIS;6-9-2018;6-9-2018;A28;A28;HRL;HRL;;;1R-L;1R-L;50,1;50,1;50,1;50,1;Nee;Nee;Nee;Nee;;;;;3;3;"Gat en rafeling";"Gat en rafeling";1;1;;;;;;;ZSA;ZSA;;;;;;;;;;;;;HB;HB;9;9;Ja;Ja;;;28-11-2018;28-11-2018;;;HB-001;HB-001;4-10-2018;4-10-2018;HB-001;HB-001;;;;;;;;;;;;;;;;;;;;;;;;;;;;;;;;
45;45;;;;;21-9-2018;21-9-2018;Open;Open;Monitoren;Monitoren;Hold;Hold;"Melding 180820-000001.1";"Melding 180820-000001.1";800;800;21-9-2018;21-9-2018;A28;A28;HRL;HRL;;;2R-L;2R-L;51,11;51,11;51,11;51,11;Nee;Nee;Nee;Nee;;;;;2;2;Scheuren;Scheuren;1;1;;;;;;;ZOAB;ZOAB;;;;;;;;;;;;;MON;MON;" tot GO 2019";" tot GO 2019";Ja;Ja;;;;;;;;;;;;;;;;;;;;;;;;;;;;;;;;;;;;;;;;;;;;
46;46;;;;;21-9-2018;21-9-2018;Open;Open;Monitoren;Monitoren;Hold;Hold;"Melding 180820-000001.1";"Melding 180820-000001.1";800;800;21-9-2018;21-9-2018;A28;A28;HRL;HRL;;;ALL;ALL;51,15;51,15;51,15;51,15;Nee;Nee;Nee;Nee;;;;;3;3;Dwarsscheur;Dwarsscheur;1;1;;;;;;;ZOAB;ZOAB;;;;;30-4-2019;30-4-2019;;;;;Vluchtstrook;Vluchtstrook;MON;MON;" tot GO 2019";" tot GO 2019";Ja;Ja;;;;;;;;;;;;;;;;;;;;;;;;;;;;;;;;;;;;;;;;;;;;
47;47;;;;;21-9-2018;21-9-2018;Veilig;Veilig;Spoed;Spoed;Plan;Plan;"Melding 180820-000001.1";"Melding 180820-000001.1";800;800;21-9-2018;21-9-2018;A28;A28;HRL;HRL;;;1R-L;1R-L;51,14;51,14;51,14;51,14;Nee;Nee;Nee;Nee;;;;;3;3;Gat;Gat;1;1;;;;;;;ZOAB;ZOAB;;;;;;;;;;;;;HB;HB;9;9;Ja;Ja;;;28-11-2018;28-11-2018;;;HB-001;HB-001;4-10-2018;4-10-2018;HB-001;HB-001;;;;;;;;;;;;;;;;;;;;;;;;;;;;;;;;
48;48;;;;;21-9-2018;21-9-2018;Veilig;Veilig;Spoed;Spoed;Plan;Plan;"Melding 180820-000001.1";"Melding 180820-000001.1";800;800;21-9-2018;21-9-2018;A28;A28;HRL;HRL;;;2R-L;2R-L;51,07;51,07;51,07;51,07;Nee;Nee;Nee;Nee;;;;;3;3;"Langsscheur / craquel?";"Langsscheur / craquel?";1;1;;;;;;;ZOAB;ZOAB;;;;;;;;;;;;;HB;HB;9;9;Ja;Ja;;;28-11-2018;28-11-2018;;;HB-005;HB-005;15-11-2018;15-11-2018;HB-005;HB-005;;;"? 10.900,00";"? 10.900,00";;;;;;;;;;;;;;;;;;;;;;;;;;;;
49;49;;;;;21-9-2018;21-9-2018;Veilig;Veilig;Spoed;Spoed;Plan;Plan;"Melding 180820-000001.1";"Melding 180820-000001.1";800;800;21-9-2018;21-9-2018;A28;A28;HRL;HRL;;;2R-L;2R-L;50,3;50,3;50,3;50,3;Nee;Nee;Nee;Nee;;;;;3;3;Gat;Gat;1;1;;;;;;;ZOAB;ZOAB;;;;;;;;;;;;;HB;HB;9;9;Ja;Ja;;;28-11-2018;28-11-2018;;;HB-001;HB-001;4-10-2018;4-10-2018;HB-001;HB-001;;;;;;;;;;;;;;;;;;;;;;;;;;;;;;;;
50;50;;;;;21-9-2018;21-9-2018;Open;Open;Monitoren;Monitoren;Hold;Hold;"Melding 180820-000001.1";"Melding 180820-000001.1";800;800;21-9-2018;21-9-2018;A28;A28;HRL;HRL;;;"2R-L / VL-L";"2R-L / VL-L";50,35;50,35;50,35;50,35;Nee;Nee;Nee;Nee;;;;;2;2;Krassen;Krassen;2;2;;;;;;;ZOAB;ZOAB;;;;;;;;;;;;;MON;MON;;;Ja;Ja;;;;;;;;;;;;;;;;;;;;;;;;;;;;;;;;;;;;;;;;;;;;
51;51;;;;;21-9-2018;21-9-2018;Veilig;Veilig;Spoed;Spoed;Plan;Plan;"Melding 180820-000001.1";"Melding 180820-000001.1";800;800;21-9-2018;21-9-2018;A28;A28;HRL;HRL;;;2R-L;2R-L;50,2;50,2;50,2;50,2;Nee;Nee;Nee;Nee;;;;;3;3;Gaten;Gaten;4;4;;;;;;;ZOAB;ZOAB;;;;;;;;;;;;;HB;HB;9;9;Ja;Ja;;;28-11-2018;28-11-2018;;;HB-001;HB-001;4-10-2018;4-10-2018;HB-001;HB-001;;;;;;;;;;;;;;;;;;;;;;;;;;;;;;;;
52;52;C-347;C-347;;;5-9-2018;5-9-2018;Veilig;Veilig;Calamiteit;Calamiteit;Plan;Plan;;;WIS;WIS;5-9-2018;5-9-2018;A50;A50;HRR;HRR;;;1R-R;1R-R;218,2;218,2;218,2;218,2;Ja;Ja;Nee;Nee;;;;;3;3;Gat;Gat;1;1;;;;;;;ZOAB;ZOAB;;;;;;;;;;;;;HB;HB;10;10;Ja;Ja;;;27-11-2018;27-11-2018;;;HB-002;HB-002;4-10-2018;4-10-2018;HB-002;HB-002;;;;;;;;;;;;;;;;;;;;;;;;;;;;;;;;
53;53;C-353;C-353;;;11-9-2018;11-9-2018;Open;Open;;;Bespreken;Bespreken;;;WIS;WIS;11-9-2018;11-9-2018;N35;N35;HRM;HRM;;;#N/B;#N/B;5,45;5,45;5,45;5,45;Nee;Nee;Nee;Nee;;;;;3;3;Gaten;Gaten;>5;>5;;;;;;;#N/B;#N/B;;;;;;;;;;;;;BB;BB;;;Ja;Ja;;;;;;;;;;;;;;;;;;;;;;;;;;;;;;;;;;;;;;;;;;;;
56;56;C-371;C-371;;;19-9-2018;19-9-2018;Open;Open;Garantie;Garantie;Hold;Hold;;;WIS;WIS;19-9-2018;19-9-2018;A28;A28;HRR;HRR;;;"1R-R; 2R-R";"1R-R; 2R-R";94,2;94,2;94,2;94,2;Ja;Ja;Ja;Ja;;;;;2;2;Krassen;Krassen;3;3;;;;;;;ZOABTW;ZOABTW;;;;;1-12-2021;1-12-2021;;;;;;;MON;MON;;;Ja;Ja;;;;;;;;;;;;;;;;;;;;;;;;;;;;;;;;;;;;;;;;;;;;
57;57;C-376;C-376;;;21-9-2018;21-9-2018;Open;Open;Monitoren;Monitoren;Hold;Hold;;;WIS;WIS;21-9-2018;21-9-2018;A50;A50;HRL;HRL;;;1R-L;1R-L;221,9;221,9;221,9;221,9;Ja;Ja;Nee;Nee;;;;;2;2;Krassen;Krassen;1;1;;;;;;;ZOAB;ZOAB;;;;;;;;;;;;;MON;MON;;;Ja;Ja;;;;;;;;;;;;;;;;;;;;;;;;;;;;;;;;;;;;;;;;;;;;
58;58;U123S180828104934;U123S180828104934;;;28-8-2018;28-8-2018;Open;Open;Spoed;Spoed;Plan;Plan;;;ON;ON;28-8-2018;28-8-2018;A1;A1;VW;VW;m;m;1R-R;1R-R;73,6;73,6;73,7;73,7;Nee;Nee;Nee;Nee;;;;;3;3;Gat;Gat;1;1;;;;;;;DAB;DAB;;;;;;;;;;;;;HB;HB;9;9;Ja;Ja;;;28-11-2018;28-11-2018;;;HB-001;HB-001;4-10-2018;4-10-2018;HB-001;HB-001;;;;;;;;;;;;;;;;;;;;;;;;;;;;;;;;
59;59;U123S180906084702;U123S180906084702;;;6-9-2018;6-9-2018;Open;Open;Spoed;Spoed;Plan;Plan;;;ON;ON;6-9-2018;6-9-2018;A28;A28;HRR;HRR;;;2R-R;2R-R;34,43;34,43;34,43;34,43;Nee;Nee;Ja;Ja;;;;;3;3;Gaten;Gaten;2;2;;;;;;;ZOAB;ZOAB;;;;;;;;;;;;;HB;HB;11;11;Ja;Ja;;;28-11-2018;28-11-2018;;;HB-001;HB-001;4-10-2018;4-10-2018;HB-001;HB-001;;;;;;;;;;;;;;;;;;;;;;;;;;;;;;;;
60;60;;;;;4-10-2018;4-10-2018;Veilig;Veilig;Spoed;Spoed;Plan;Plan;"Melding 181003-000236";"Melding 181003-000236";800;800;4-10-2018;4-10-2018;A28;A28;VZP;VZP;q;q;1R-L;1R-L;100,7;100,7;100,6;100,6;Ja;Ja;Nee;Nee;;;;;3;3;Gat;Gat;>5;>5;;;;;;;DAB;DAB;;;;;;;;;;;;;HB;HB;9;9;Ja;Ja;;;26-11-2018;26-11-2018;;;HB-003;HB-003;4-10-2018;4-10-2018;HB-003;HB-003;;;"? 10.900,00";"? 10.900,00";;;26-11-2018;26-11-2018;DAB;DAB;;;;;;;;;;;;;;;;;;;;;;
61;61;;;;;4-10-2018;4-10-2018;Veilig;Veilig;Spoed;Spoed;Plan;Plan;;;OG;OG;4-10-2018;4-10-2018;A28;A28;HRR;HRR;a;a;4R-R;4R-R;98,7;98,7;98,7;98,7;Ja;Ja;Nee;Nee;;;;;3;3;"Langsonvlakheid (ribbelvorming)";"Langsonvlakheid (ribbelvorming)";-;-;;;;;;;"ZOAB (?)";"ZOAB (?)";;;;;;;;;;;;;RB;RB;Frezen;Frezen;Ja;Ja;;;26-11-2018;26-11-2018;;;HB-003;HB-003;4-10-2018;4-10-2018;HB-003;HB-003;;;;;;;26-11-2018;26-11-2018;n.v.t.;n.v.t.;;;;;;;;;;;;;;;;;;;;;;
63;63;;;;;5-10-2018;5-10-2018;Veilig;Veilig;Spoed;Spoed;Plan;Plan;;;ON;ON;5-10-2018;5-10-2018;A28;A28;VZP;VZP;q;q;1R-L;1R-L;100,6;100,6;100,4;100,4;Ja;Ja;Nee;Nee;;;;;3;3;"Diverse gaten en scheuren";"Diverse gaten en scheuren";>5;>5;;;;;;;DAB;DAB;;;;;;;;;;;;;HB;HB;9;9;Ja;Ja;;;26-11-2018;26-11-2018;;;HB-003;HB-003;4-10-2018;4-10-2018;HB-003;HB-003;;;;;;;26-11-2018;26-11-2018;DAB;DAB;;;;;;;;;;;;;;;;;;;;;;
64;64;;;;;8-10-2018;8-10-2018;Open;Open;Spoed;Spoed;Plan;Plan;;;ON;ON;8-10-2018;8-10-2018;A50;A50;HRR;HRR;;;2R-R;2R-R;203,8;203,8;203,8;203,8;Ja;Ja;Ja;Ja;;;;;3;3;Gaten;Gaten;;;;;;;;;ZOAB;ZOAB;;;;;;;;;;;;;HB;HB;12;12;Ja;Ja;;;27-11-2018;27-11-2018;;;HB-002;HB-002;4-10-2018;4-10-2018;HB-002;HB-002;;;;;;;;;;;;;;;;;;;;;;;;;;;;;;;;
65;65;;;;;8-10-2018;8-10-2018;Open;Open;Spoed;Spoed;Plan;Plan;;;ON;ON;8-10-2018;8-10-2018;A50;A50;HRR;HRR;;;2R-R;2R-R;203,6;203,6;203,6;203,6;Ja;Ja;Ja;Ja;;;;;3;3;Gaten;Gaten;;;;;;;;;ZOAB;ZOAB;;;;;;;;;;;;;HB;HB;12;12;Ja;Ja;;;27-11-2018;27-11-2018;;;HB-002;HB-002;4-10-2018;4-10-2018;HB-002;HB-002;;;;;;;;;;;;;;;;;;;;;;;;;;;;;;;;
67;67;;;;;15-10-2018;15-10-2018;Open;Open;LVO;LVO;Plan;Plan;;;ON;ON;15-10-2018;15-10-2018;A1;A1;HRR;HRR;;;1U-L;1U-L;107,25;107,25;107,13;107,13;Ja;Ja;Ja;Ja;;;;;3;3;"Gat en rafeling";"Gat en rafeling";;;;;;;;;ZOABTW;ZOABTW;;;;;;;;;;;;;RB;RB;;;Ja;Ja;Ja;Ja;;;;;UP-008;UP-008;;;;;;;;;;;;;;;;;;;;;;;;;;;;;;;;;;;;
68;68;;;;;2-11-2018;2-11-2018;Open;Open;Garantie;Garantie;Hold;Hold;"Melding 181012-000484";"Melding 181012-000484";800;800;2-11-2018;2-11-2018;A1;A1;HRL;HRL;;;2R-L;2R-L;67,9;67,9;67,9;67,9;Nee;Nee;Nee;Nee;;;;;3;3;Gat;Gat;;;;;;;;;ZOAB;ZOAB;;;;;15-9-2021;15-9-2021;;;;;;;HB;HB;9;9;Ja;Ja;;;;;;;;;;;;;;;;;;;;;;;;;;;;;;;;;;;;;;;;;;;;
69;69;;;;;2-11-2018;2-11-2018;Open;Open;;;Plan;Plan;"Melding 181012-000484";"Melding 181012-000484";800;800;2-11-2018;2-11-2018;A1;A1;HRL;HRL;;;2R-L;2R-L;64;64;63,9;63,9;Nee;Nee;Nee;Nee;;;;;3;3;"Dwars- en langsscheuren, craquel? en gaten";"Dwars- en langsscheuren, craquel? en gaten";;;;;;;;;ZOAB;ZOAB;;;;;31-12-2018;31-12-2018;;;;;;;HB;HB;9;9;Ja;Ja;;;;;;;HB-009;HB-009;12-12-2018;12-12-2018;HB-009;HB-009;;;"? 10.900,00";"? 10.900,00";;;;;;;;;;;;;;;;;;;;;;;;;;;;
71;71;U123S180925113814;U123S180925113814;;;25-9-2018;25-9-2018;Veilig;Veilig;Spoed;Spoed;Plan;Plan;;;ON;ON;25-9-2018;25-9-2018;A1;A1;HRR;HRR;;;1V-R;1V-R;89,5;89,5;89,5;89,5;Ja;Ja;Ja;Ja;;;;;3;3;Gat;Gat;;;;;;;;;ZOABTW;ZOABTW;;;;;;;;;;;;;HB;HB;12;12;Ja;Ja;;;30-11-2018;30-11-2018;;;HB-005;HB-005;15-11-2018;15-11-2018;HB-005;HB-005;;;;;;;;;;;;;;;;;;;;;;;;;;;;;;;;
72;72;U123S180906104432;U123S180906104432;;;6-9-2018;6-9-2018;Veilig;Veilig;Spoed;Spoed;Plan;Plan;;;ON;ON;6-9-2018;6-9-2018;A28;A28;HRR;HRR;;;1V-R;1V-R;41,126;41,126;41,126;41,126;Nee;Nee;Nee;Nee;;;;;3;3;Gat;Gat;;;;;;;;;ZOAB;ZOAB;;;;;;;;;;;;;HB;HB;9;9;Ja;Ja;;;30-11-2018;30-11-2018;;;HB-005;HB-005;15-11-2018;15-11-2018;HB-005;HB-005;;;;;;;;;;;;;;;;;;;;;;;;;;;;;;;;
74;74;U123S181022021125;U123S181022021125;;;22-10-2018;22-10-2018;Open;Open;LVO;LVO;Plan;Plan;;;ON;ON;22-10-2018;22-10-2018;A1;A1;HRL;HRL;;;2R-L;2R-L;80,2;80,2;80,2;80,2;Nee;Nee;Nee;Nee;;;;;3;3;Gat;Gat;3;3;;;;;;;DAB;DAB;;;;;;;;;;;;;BB;BB;;;Ja;Ja;Ja;Ja;;;;;UP-009;UP-009;;;;;;;;;;;;;;;;;;;;;;;;;;;;;;;;;;;;
76;76;U123S181023020340;U123S181023020340;;;23-10-2018;23-10-2018;Veilig;Veilig;Spoed;Spoed;Plan;Plan;;;ON;ON;23-10-2018;23-10-2018;A1;A1;HRL;HRL;;;3R-L;3R-L;94,8;94,8;94,7;94,7;Ja;Ja;Ja;Ja;;;;;3;3;Gat;Gat;;;;;;;;;ZOABTW;ZOABTW;;;;;;;;;;;;;HB;HB;12;12;Ja;Ja;;;30-11-2018;30-11-2018;;;HB-005;HB-005;15-11-2018;15-11-2018;HB-005;HB-005;;;;;;;;;;;;;;;;;;;;;;;;;;;;;;;;
78;78;U123S181024103759;U123S181024103759;;;24-10-2018;24-10-2018;Veilig;Veilig;Spoed;Spoed;Plan;Plan;;;ON;ON;24-10-2018;24-10-2018;A28;A28;HRR;HRR;;;1V-R;1V-R;43,6;43,6;43,7;43,7;Nee;Nee;Nee;Nee;;;;;3;3;Gat;Gat;;;;;;;;;ZOAB;ZOAB;;;;;;;;;;;;;HB;HB;9;9;Ja;Ja;;;30-11-2018;30-11-2018;;;HB-005;HB-005;15-11-2018;15-11-2018;HB-005;HB-005;;;;;;;;;;;;;;;;;;;;;;;;;;;;;;;;
80;80;U123S181024012518;U123S181024012518;;;24-10-2018;24-10-2018;Open;Open;;;Bespreken;Bespreken;;;ON;ON;24-10-2018;24-10-2018;A28;A28;HRL;HRL;;;"1R-L;2R-L";"1R-L;2R-L";34,9;34,9;34,85;34,85;Nee;Nee;Ja;Ja;;;;;3;3;Gat;Gat;;;;;;;;;ZOAB;ZOAB;;;;;30-4-2020;30-4-2020;;;;;"GELDT VOOR R2";"GELDT VOOR R2";HB;HB;11;11;Ja;Ja;;;;;;;;;;;;;;;;;;;;;;;;;;;;;;;;;;;;;;;;;;;;
81;81;U123S181025113455;U123S181025113455;;;25-10-2018;25-10-2018;Open;Open;Garantie;Garantie;Hold;Hold;;;ON;ON;25-10-2018;25-10-2018;A1;A1;HRR;HRR;;;2R-R;2R-R;81,6;81,6;81,7;81,7;Nee;Nee;Nee;Nee;;;;;3;3;Gat;Gat;;;;;;;;;ZOAB;ZOAB;;;;;30-4-2022;30-4-2022;;;;;;;HB;HB;9;9;Ja;Ja;;;;;;;;;;;;;;;;;;;;;;;;;;;;;;;;;;;;;;;;;;;;
82;82;U341S181022120051;U341S181022120051;;;22-10-2018;22-10-2018;Open;Open;Monitoren;Monitoren;Hold;Hold;;;ON;ON;22-10-2018;22-10-2018;A28;A28;HRR;HRR;;;3R-R;3R-R;100,1;100,1;100,1;100,1;Nee;Nee;Ja;Ja;;;;;1;1;Gat;Gat;;;;;;;;;ZOABTW;ZOABTW;;;;;;;;;;;;;MON;MON;;;Ja;Ja;;;;;;;;;;;;;;;;;;;;;;;;;;;;;;;;;;;;;;;;;;;;
83;83;U341S181022121509;U341S181022121509;;;22-10-2018;22-10-2018;Open;Open;Monitoren;Monitoren;Hold;Hold;;;ON;ON;22-10-2018;22-10-2018;A28;A28;HRR;HRR;;;2R-R;2R-R;100,2;100,2;100,2;100,2;Nee;Nee;Ja;Ja;;;;;1;1;Gat;Gat;;;;;;;;;ZOABTW;ZOABTW;;;;;;;;;;;;;MON;MON;;;Ja;Ja;;;;;;;;;;;;;;;;;;;;;;;;;;;;;;;;;;;;;;;;;;;;
84;84;U341S181031095656;U341S181031095656;;;31-10-2018;31-10-2018;Open;Open;Monitoren;Monitoren;Hold;Hold;;;ON;ON;31-10-2018;31-10-2018;A28;A28;HRL;HRL;;;1V-L;1V-L;116,95;116,95;116,95;116,95;Nee;Nee;Nee;Nee;;;;;1;1;Scheuren;Scheuren;;;;;;;;;ZOAB+;ZOAB+;;;;;;;;;;;;;MON;MON;;;Ja;Ja;;;;;;;;;;;;;;;;;;;;;;;;;;;;;;;;;;;;;;;;;;;;
85;85;U341S181031100138;U341S181031100138;;;31-10-2018;31-10-2018;Open;Open;Monitoren;Monitoren;Hold;Hold;;;ON;ON;31-10-2018;31-10-2018;A28;A28;HRL;HRL;;;1R-L;1R-L;116,9;116,9;116,9;116,9;Nee;Nee;Nee;Nee;;;;;1;1;Scheuren;Scheuren;;;;;;;;;ZOAB+;ZOAB+;;;;;;;;;;;;;MON;MON;;;Ja;Ja;;;;;;;;;;;;;;;;;;;;;;;;;;;;;;;;;;;;;;;;;;;;
86;86;UP-002;UP-002;;;2-11-2018;2-11-2018;Veilig;Veilig;LVO;LVO;Hersteld;Hersteld;;;ON;ON;;;A28;A28;HRR;HRR;;;2R-R;2R-R;51,5;51,5;52,1;52,1;Nee;Nee;Nee;Nee;;;;;3;3;Rafeling;Rafeling;;;;;;;;;ZOAB;ZOAB;;;;;;;;;;;;;RB;RB;;;;;Ja;Ja;25-10-2018;25-10-2018;;;UP-002;UP-002;;;RA-002;RA-002;;;;;"Locatie 1, maatregel 1";"Locatie 1, maatregel 1";25-10-2018;25-10-2018;ZOAB;ZOAB;;;;;;;;;;;;;;;;;;;;;;
87;87;UP-002;UP-002;;;2-11-2018;2-11-2018;Veilig;Veilig;LVO;LVO;Hersteld;Hersteld;;;ON;ON;;;A28;A28;HRR;HRR;;;1I-R;1I-R;51,5;51,5;51,8;51,8;Nee;Nee;Nee;Nee;;;;;3;3;Rafeling;Rafeling;;;;;;;;;ZOAB;ZOAB;;;;;;;;;;;;;RB;RB;;;;;Ja;Ja;25-10-2018;25-10-2018;;;UP-002;UP-002;;;RA-002;RA-002;;;;;"Locatie 1, maatregel 1";"Locatie 1, maatregel 1";25-10-2018;25-10-2018;ZOAB;ZOAB;;;;;;;;;;;;;;;;;;;;;;
88;88;UP-002;UP-002;;;2-11-2018;2-11-2018;Veilig;Veilig;LVO;LVO;Hersteld;Hersteld;;;ON;ON;;;A28;A28;HRR;HRR;;;2R-R;2R-R;52,42;52,42;52,6;52,6;Nee;Nee;Nee;Nee;;;;;3;3;Rafeling;Rafeling;;;;;;;;;ZOAB;ZOAB;;;;;;;;;;;;;RB;RB;;;;;Ja;Ja;25-10-2018;25-10-2018;;;UP-002;UP-002;;;RA-002;RA-002;;;;;"Locatie 1, maatregel 1";"Locatie 1, maatregel 1";25-10-2018;25-10-2018;ZOAB;ZOAB;;;;;;;;;;;;;;;;;;;;;;
89;89;UP-002;UP-002;;;2-11-2018;2-11-2018;Veilig;Veilig;LVO;LVO;Hersteld;Hersteld;;;ON;ON;;;A28;A28;HRR;HRR;;;1U-R;1U-R;52,57;52,57;52,6;52,6;Nee;Nee;Nee;Nee;;;;;3;3;Rafeling;Rafeling;;;;;;;;;ZOAB;ZOAB;;;;;;;;;;;;;RB;RB;;;;;Ja;Ja;25-10-2018;25-10-2018;;;UP-002;UP-002;;;RA-002;RA-002;;;;;"Locatie 1, maatregel 1";"Locatie 1, maatregel 1";25-10-2018;25-10-2018;ZOAB;ZOAB;;;;;;;;;;;;;;;;;;;;;;
90;90;UP-004;UP-004;;;2-11-2018;2-11-2018;Veilig;Veilig;LVO;LVO;Hersteld;Hersteld;;;ON;ON;;;A1;A1;HRR;HRR;;;2R-R;2R-R;86,55;86,55;87;87;Ja;Ja;Ja;Ja;;;;;3;3;Rafeling;Rafeling;;;;;;;;;ZOABTW;ZOABTW;Ja;Ja;;;;;;;;;;;RB;RB;;;;;Ja;Ja;23-10-2018;23-10-2018;;;UP-004;UP-004;;;RA-004;RA-004;;;;;"Locatie 1, maatregel 2";"Locatie 1, maatregel 2";23-10-2018;23-10-2018;ZOABTW;ZOABTW;;;;;;;;;;;;;;;;;;;;;;
91;91;UP-004;UP-004;;;2-11-2018;2-11-2018;Veilig;Veilig;LVO;LVO;Hersteld;Hersteld;;;ON;ON;;;A1;A1;HRR;HRR;;;"3R-R; 1W-R";"3R-R; 1W-R";93,7;93,7;93,95;93,95;Ja;Ja;Ja;Ja;;;;;3;3;Rafeling;Rafeling;;;;;;;;;ZOABTW;ZOABTW;;;;;;;;;;;;;RB;RB;;;;;Ja;Ja;24-10-2018;24-10-2018;;;UP-004;UP-004;;;RA-004;RA-004;;;;;"Locatie 3, maatregel 2";"Locatie 3, maatregel 2";24-10-2018;24-10-2018;ZOABTW;ZOABTW;;;;;;;;;;;;;;;;;;;;;;
92;92;UP-005;UP-005;;;2-11-2018;2-11-2018;Veilig;Veilig;LVO;LVO;Hersteld;Hersteld;;;ON;ON;;;A1;A1;HRR;HRR;;;"2R-R; 3R-R; 1V-R";"2R-R; 3R-R; 1V-R";48,5;48,5;48,7;48,7;Ja;Ja;Ja;Ja;;;;;3;3;Rafeling;Rafeling;;;;;;;;;ZOABTW;ZOABTW;Ja;Ja;;;;;;;;;;;RB;RB;;;;;Ja;Ja;18-10-2018;18-10-2018;"Vanaf 15-10";"Vanaf 15-10";UP-005;UP-005;;;RA-005;RA-005;;;;;"Locatie 1, maatregel 1";"Locatie 1, maatregel 1";18-10-2018;18-10-2018;ZOAB;ZOAB;;;"Dunne inlage";"Dunne inlage";;;;;;;;;;;;;;;;;;
93;93;UP-005;UP-005;;;2-11-2018;2-11-2018;Veilig;Veilig;LVO;LVO;Hersteld;Hersteld;;;ON;ON;;;A1;A1;HRR;HRR;;;"3R-R; 1V-R";"3R-R; 1V-R";49,25;49,25;49,4;49,4;Ja;Ja;Ja;Ja;;;;;3;3;Rafeling;Rafeling;;;;;;;;;ZOABTW;ZOABTW;Ja;Ja;;;;;;;;;;;RB;RB;;;;;Ja;Ja;18-10-2018;18-10-2018;"Vanaf 15-10";"Vanaf 15-10";UP-005;UP-005;;;RA-005;RA-005;;;;;"Locatie 1, maatregel 1";"Locatie 1, maatregel 1";18-10-2018;18-10-2018;ZOAB;ZOAB;;;"Dunne inlage";"Dunne inlage";;;;;;;;;;;;;;;;;;
94;94;UP-005;UP-005;;;2-11-2018;2-11-2018;Veilig;Veilig;LVO;LVO;Hersteld;Hersteld;;;ON;ON;;;A1;A1;HRR;HRR;;;"3R-R; 1V-R";"3R-R; 1V-R";49,89;49,89;50,51;50,51;Ja;Ja;Ja;Ja;;;;;3;3;Rafeling;Rafeling;;;;;;;;;ZOABTW;ZOABTW;Ja;Ja;;;;;;;;;;;RB;RB;;;;;Ja;Ja;18-10-2018;18-10-2018;"Vanaf 15-10";"Vanaf 15-10";UP-005;UP-005;;;RA-005;RA-005;;;;;"Locatie 1, maatregel 1";"Locatie 1, maatregel 1";18-10-2018;18-10-2018;ZOAB;ZOAB;;;"Dunne inlage";"Dunne inlage";;;;;;;;;;;;;;;;;;
95;95;UP-005;UP-005;;;2-11-2018;2-11-2018;Veilig;Veilig;LVO;LVO;Hersteld;Hersteld;;;ON;ON;;;A1;A1;HRR;HRR;;;"3R-R; 1V-R";"3R-R; 1V-R";50,68;50,68;50,69;50,69;Ja;Ja;Ja;Ja;;;;;3;3;Rafeling;Rafeling;;;;;;;;;ZOABTW;ZOABTW;Ja;Ja;;;;;;;;;;;RB;RB;;;;;Ja;Ja;18-10-2018;18-10-2018;"Vanaf 15-10";"Vanaf 15-10";UP-005;UP-005;;;RA-005;RA-005;;;;;"Locatie 1, maatregel 1";"Locatie 1, maatregel 1";18-10-2018;18-10-2018;ZOAB;ZOAB;;;"Dunne inlage";"Dunne inlage";;;;;;;;;;;;;;;;;;
96;96;UP-005;UP-005;;;2-11-2018;2-11-2018;Veilig;Veilig;LVO;LVO;Hersteld;Hersteld;;;ON;ON;;;A1;A1;HRR;HRR;;;2R-R;2R-R;50,86;50,86;50,9;50,9;Ja;Ja;Ja;Ja;;;;;3;3;Rafeling;Rafeling;;;;;;;;;ZOABTW;ZOABTW;Ja;Ja;;;;;;;;;;;RB;RB;;;;;Ja;Ja;18-10-2018;18-10-2018;"Vanaf 15-10";"Vanaf 15-10";UP-005;UP-005;;;RA-005;RA-005;;;;;"Locatie 1, maatregel 1";"Locatie 1, maatregel 1";18-10-2018;18-10-2018;ZOAB;ZOAB;;;"Dunne inlage";"Dunne inlage";;;;;;;;;;;;;;;;;;
97;97;UP-005;UP-005;;;2-11-2018;2-11-2018;Veilig;Veilig;LVO;LVO;Hersteld;Hersteld;;;ON;ON;;;A1;A1;HRR;HRR;;;"3R-R; 1V-R";"3R-R; 1V-R";50,88;50,88;51,83;51,83;Ja;Ja;Ja;Ja;;;;;3;3;Rafeling;Rafeling;;;;;;;;;ZOABTW;ZOABTW;Ja;Ja;;;;;;;;;;;RB;RB;;;;;Ja;Ja;18-10-2018;18-10-2018;"Vanaf 15-10";"Vanaf 15-10";UP-005;UP-005;;;RA-005;RA-005;;;;;"Locatie 1, maatregel 1";"Locatie 1, maatregel 1";18-10-2018;18-10-2018;ZOAB;ZOAB;;;"Dunne inlage";"Dunne inlage";;;;;;;;;;;;;;;;;;
98;98;UP-005;UP-005;;;2-11-2018;2-11-2018;Veilig;Veilig;LVO;LVO;Hersteld;Hersteld;;;ON;ON;;;A1;A1;HRR;HRR;;;1U-R;1U-R;51,8;51,8;51,9;51,9;Ja;Ja;Ja;Ja;;;;;3;3;Rafeling;Rafeling;;;;;;;;;ZOABTW;ZOABTW;Ja;Ja;;;;;;;;;;;RB;RB;;;;;Ja;Ja;18-10-2018;18-10-2018;"Vanaf 15-10";"Vanaf 15-10";UP-005;UP-005;;;RA-005;RA-005;;;;;"Locatie 1, maatregel 1";"Locatie 1, maatregel 1";18-10-2018;18-10-2018;ZOAB;ZOAB;;;"Dunne inlage";"Dunne inlage";;;;;;;;;;;;;;;;;;
99;99;UP-005;UP-005;;;2-11-2018;2-11-2018;Veilig;Veilig;LVO;LVO;Hersteld;Hersteld;;;ON;ON;;;A1;A1;HRR;HRR;;;"3R-R; 1V-R";"3R-R; 1V-R";51,9;51,9;51,91;51,91;Ja;Ja;Ja;Ja;;;;;3;3;Rafeling;Rafeling;;;;;;;;;ZOABTW;ZOABTW;Ja;Ja;;;;;;;;;;;RB;RB;;;;;Ja;Ja;18-10-2018;18-10-2018;"Vanaf 15-10";"Vanaf 15-10";UP-005;UP-005;;;RA-005;RA-005;;;;;"Locatie 1, maatregel 1";"Locatie 1, maatregel 1";18-10-2018;18-10-2018;ZOAB;ZOAB;;;"Dunne inlage";"Dunne inlage";;;;;;;;;;;;;;;;;;
100;100;UP-005;UP-005;;;2-11-2018;2-11-2018;Veilig;Veilig;LVO;LVO;Hersteld;Hersteld;;;ON;ON;;;A1;A1;HRR;HRR;;;2R-R;2R-R;52,06;52,06;52,08;52,08;Ja;Ja;Ja;Ja;;;;;3;3;Rafeling;Rafeling;;;;;;;;;ZOABTW;ZOABTW;Ja;Ja;;;;;;;;;;;RB;RB;;;;;Ja;Ja;18-10-2018;18-10-2018;"Vanaf 15-10";"Vanaf 15-10";UP-005;UP-005;;;RA-005;RA-005;;;;;"Locatie 1, maatregel 1";"Locatie 1, maatregel 1";18-10-2018;18-10-2018;ZOAB;ZOAB;;;"Dunne inlage";"Dunne inlage";;;;;;;;;;;;;;;;;;
101;101;UP-005;UP-005;;;2-11-2018;2-11-2018;Veilig;Veilig;LVO;LVO;Hersteld;Hersteld;;;ON;ON;;;A1;A1;HRR;HRR;;;2R-R;2R-R;56,89;56,89;57,21;57,21;Nee;Nee;Nee;Nee;;;;;3;3;Rafeling;Rafeling;;;;;;;;;ZOAB;ZOAB;Ja;Ja;;;;;;;;;;;RB;RB;;;;;Ja;Ja;7-12-2018;7-12-2018;"Vanaf 6-12";"Vanaf 6-12";UP-005;UP-005;;;RA-005;RA-005;;;;;"Locatie 2, maatregel 2";"Locatie 2, maatregel 2";7-12-2018;7-12-2018;ZOAB;ZOAB;;;"Dunne inlage";"Dunne inlage";;;;;;;;;;;;;;;;;;
102;102;UP-006;UP-006;;;2-11-2018;2-11-2018;Veilig;Veilig;LVO;LVO;Hersteld;Hersteld;;;ON;ON;;;A1;A1;HRR;HRR;;;2R-R;2R-R;76,19;76,19;76,7;76,7;Nee;Nee;Nee;Nee;;;;;3;3;Rafeling;Rafeling;;;;;;;;;ZOAB;ZOAB;;;;;;;;;;;;;RB;RB;;;;;Ja;Ja;7-12-2018;7-12-2018;;;UP-006;UP-006;;;RA-006;RA-006;;;;;"Locatie 1, maatregel 2";"Locatie 1, maatregel 2";7-12-2018;7-12-2018;ZOAB;ZOAB;;;;;;;;;;;;;;;;;;;;;;
103;103;UP-006;UP-006;;;2-11-2018;2-11-2018;Veilig;Veilig;LVO;LVO;Hersteld;Hersteld;;;ON;ON;;;A1;A1;HRR;HRR;;;2R-R;2R-R;77;77;77,08;77,08;Nee;Nee;Nee;Nee;;;;;3;3;Rafeling;Rafeling;;;;;;;;;ZOAB;ZOAB;;;;;;;;;;;;;RB;RB;;;;;Ja;Ja;7-12-2018;7-12-2018;;;UP-006;UP-006;;;RA-006;RA-006;;;;;"Locatie 1, maatregel 2";"Locatie 1, maatregel 2";7-12-2018;7-12-2018;ZOAB;ZOAB;;;;;;;;;;;;;;;;;;;;;;
104;104;UP-006;UP-006;;;2-11-2018;2-11-2018;Veilig;Veilig;LVO;LVO;Hersteld;Hersteld;;;ON;ON;;;A1;A1;HRR;HRR;;;2R-R;2R-R;77,9;77,9;78,4;78,4;Nee;Nee;Nee;Nee;;;;;3;3;Rafeling;Rafeling;;;;;;;;;ZOAB;ZOAB;;;;;;;;;;;;;RB;RB;;;;;Ja;Ja;6-12-2018;6-12-2018;;;UP-006;UP-006;;;RA-006;RA-006;;;;;"Locatie 2, maatregel 2";"Locatie 2, maatregel 2";6-12-2018;6-12-2018;ZOAB;ZOAB;;;;;;;;;;;;;;;;;;;;;;
105;105;UP-006;UP-006;;;2-11-2018;2-11-2018;Veilig;Veilig;LVO;LVO;Hersteld;Hersteld;;;ON;ON;;;A1;A1;HRR;HRR;;;2R-R;2R-R;78,99;78,99;79,07;79,07;Nee;Nee;Nee;Nee;;;;;3;3;Rafeling;Rafeling;;;;;;;;;ZOAB;ZOAB;;;;;;;;;;;;;RB;RB;;;;;Ja;Ja;6-12-2018;6-12-2018;;;UP-006;UP-006;;;RA-006;RA-006;;;;;"Locatie 2, maatregel 2";"Locatie 2, maatregel 2";6-12-2018;6-12-2018;ZOAB;ZOAB;;;;;;;;;;;;;;;;;;;;;;
106;106;UP-006;UP-006;;;2-11-2018;2-11-2018;Veilig;Veilig;LVO;LVO;Hersteld;Hersteld;;;ON;ON;;;A1;A1;HRR;HRR;;;"1R-R; 2R-R";"1R-R; 2R-R";78,095;78,095;78,105;78,105;Nee;Nee;Nee;Nee;;;;;3;3;GMS;GMS;;;;;;;;;ZOAB;ZOAB;;;;;;;;;;;;;RB;RB;;;;;Ja;Ja;6-12-2018;6-12-2018;;;UP-006;UP-006;;;RA-006;RA-006;;;;;"Locatie 2, maatregel 2";"Locatie 2, maatregel 2";6-12-2018;6-12-2018;ZOAB;ZOAB;;;;;;;;;;;;;;;;;;;;;;
107;107;UP-012;UP-012;;;2-11-2018;2-11-2018;Veilig;Veilig;LVO;LVO;Hersteld;Hersteld;;;ON;ON;;;A50;A50;HRL;HRL;;;"2R-L; 1W-L";"2R-L; 1W-L";236,6;236,6;236,19;236,19;Ja;Ja;Nee;Nee;;;;;3;3;Rafeling;Rafeling;;;;;;;;;ZOAB;ZOAB;;;;;;;;;;;;;RB;RB;;;;;Ja;Ja;30-10-2018;30-10-2018;"Vanaf 29-10";"Vanaf 29-10";UP-012;UP-012;;;RA-012;RA-012;;;;;"Locatie 1, maatregel 2";"Locatie 1, maatregel 2";30-10-2018;30-10-2018;ZOAB;ZOAB;;;;;;;;;;;;;;;;;;;;;;
108;108;UP-012;UP-012;;;2-11-2018;2-11-2018;Veilig;Veilig;LVO;LVO;Hersteld;Hersteld;;;ON;ON;;;A50;A50;HRL;HRL;;;1R-L;1R-L;230,38;230,38;230,35;230,35;Ja;Ja;Nee;Nee;;;;;3;3;Rafeling;Rafeling;;;;;;;;;ZOAB;ZOAB;;;;;;;;;;;;;RB;RB;;;;;Ja;Ja;20-11-2018;20-11-2018;"Vanaf 19-11";"Vanaf 19-11";UP-012;UP-012;;;RA-012;RA-012;;;;;"Locatie 2, maatregel 3";"Locatie 2, maatregel 3";20-11-2018;20-11-2018;ZOAB;ZOAB;;;;;;;;;;;;;;;;;;;;;;
109;109;UP-012;UP-012;;;2-11-2018;2-11-2018;Veilig;Veilig;LVO;LVO;Hersteld;Hersteld;;;ON;ON;;;A50;A50;HRL;HRL;;;1R-L;1R-L;230,05;230,05;230;230;Ja;Ja;Nee;Nee;;;;;3;3;Rafeling;Rafeling;;;;;;;;;ZOAB;ZOAB;;;;;;;;;;;;;RB;RB;;;;;Ja;Ja;20-11-2018;20-11-2018;"Vanaf 19-11";"Vanaf 19-11";UP-012;UP-012;;;RA-012;RA-012;;;;;"Locatie 2, maatregel 3";"Locatie 2, maatregel 3";20-11-2018;20-11-2018;ZOAB;ZOAB;;;;;;;;;;;;;;;;;;;;;;
110;110;UP-012;UP-012;;;2-11-2018;2-11-2018;Open;Open;LVO;LVO;Plan;Plan;;;ON;ON;;;A50;A50;HRL;HRL;;;1U-L;1U-L;229,74;229,74;229,6;229,6;Ja;Ja;Nee;Nee;;;;;3;3;Rafeling;Rafeling;;;;;;;;;ZOAB;ZOAB;Ja;Ja;;;;;;;;;;;RB;RB;;;;;Ja;Ja;20-11-2018;20-11-2018;"Vanaf 19-11";"Vanaf 19-11";UP-012;UP-012;;;RA-012;RA-012;;;;;"Locatie 2, maatregel 3";"Locatie 2, maatregel 3";20-11-2018;20-11-2018;ZOAB;ZOAB;;;;;;;;;;;;;;;;;;;;;;
111;111;UP-012;UP-012;;;2-11-2018;2-11-2018;Open;Open;LVO;LVO;Plan;Plan;;;ON;ON;;;A50;A50;HRL;HRL;;;2R-L;2R-L;229,6;229,6;229,26;229,26;Ja;Ja;Nee;Nee;;;;;3;3;Rafeling;Rafeling;;;;;;;;;ZOAB;ZOAB;Ja;Ja;;;;;;;;;;;RB;RB;;;;;Ja;Ja;20-11-2018;20-11-2018;"Vanaf 19-11";"Vanaf 19-11";UP-012;UP-012;;;RA-012;RA-012;;;;;"Locatie 2, maatregel 3";"Locatie 2, maatregel 3";20-11-2018;20-11-2018;ZOAB;ZOAB;;;;;;;;;;;;;;;;;;;;;;
112;112;UP-012;UP-012;;;2-11-2018;2-11-2018;Veilig;Veilig;LVO;LVO;Hersteld;Hersteld;;;ON;ON;;;A50;A50;HRL;HRL;;;1R-L;1R-L;229,02;229,02;228,71;228,71;Ja;Ja;Nee;Nee;;;;;3;3;Rafeling;Rafeling;;;;;;;;;ZOAB;ZOAB;;;;;;;;;;;;;RB;RB;;;;;Ja;Ja;20-11-2018;20-11-2018;"Vanaf 19-11";"Vanaf 19-11";UP-012;UP-012;;;RA-012;RA-012;;;;;"Locatie 2, maatregel 3";"Locatie 2, maatregel 3";20-11-2018;20-11-2018;ZOAB;ZOAB;;;;;;;;;;;;;;;;;;;;;;
113;113;UP-012;UP-012;;;2-11-2018;2-11-2018;Open;Open;LVO;LVO;Plan;Plan;;;ON;ON;;;A50;A50;HRL;HRL;;;1W-L;1W-L;228,71;228,71;228,1;228,1;Ja;Ja;Nee;Nee;;;;;3;3;Rafeling;Rafeling;;;;;;;;;ZOAB;ZOAB;;;;;;;;;;;;;RB;RB;;;;;Ja;Ja;20-11-2018;20-11-2018;"Vanaf 19-11";"Vanaf 19-11";UP-012;UP-012;;;RA-012;RA-012;;;;;"Locatie 2, maatregel 3";"Locatie 2, maatregel 3";20-11-2018;20-11-2018;ZOAB;ZOAB;;;;;;;;;;;;;;;;;;;;;;
114;114;UP-013;UP-013;;;2-11-2018;2-11-2018;Veilig;Veilig;LVO;LVO;Hersteld;Hersteld;;;ON;ON;;;A50;A50;HRL;HRL;;;2R-L;2R-L;225,56;225,56;225,26;225,26;Ja;Ja;Nee;Nee;;;;;3;3;Rafeling;Rafeling;;;;;;;;;ZOAB;ZOAB;Ja;Ja;;;;;;;;;;;RB;RB;;;;;Ja;Ja;23-11-2018;23-11-2018;"Vanaf 22-11";"Vanaf 22-11";UP-013;UP-013;;;RA-013;RA-013;;;;;"Locatie 1, maatregel 3";"Locatie 1, maatregel 3";23-11-2018;23-11-2018;ZOAB;ZOAB;;;;;;;;;;;;;;;;;;;;;;
115;115;UP-013;UP-013;;;2-11-2018;2-11-2018;Veilig;Veilig;LVO;LVO;Hersteld;Hersteld;;;ON;ON;;;A50;A50;HRL;HRL;;;1R-L;1R-L;224,65;224,65;224,55;224,55;Ja;Ja;Nee;Nee;;;;;3;3;Rafeling;Rafeling;;;;;;;;;ZOAB;ZOAB;;;;;;;;;;;;;RB;RB;;;;;Ja;Ja;23-11-2018;23-11-2018;"Vanaf 22-11";"Vanaf 22-11";UP-013;UP-013;;;RA-013;RA-013;;;;;"Locatie 1, maatregel 3";"Locatie 1, maatregel 3";23-11-2018;23-11-2018;ZOAB;ZOAB;;;;;;;;;;;;;;;;;;;;;;
116;116;UP-013;UP-013;;;2-11-2018;2-11-2018;Veilig;Veilig;LVO;LVO;Hersteld;Hersteld;;;ON;ON;;;A50;A50;HRL;HRL;;;2R-L;2R-L;223,8;223,8;223,18;223,18;Ja;Ja;Nee;Nee;;;;;3;3;Rafeling;Rafeling;;;;;;;;;ZOAB;ZOAB;;;;;;;;;;;;;RB;RB;;;;;Ja;Ja;23-11-2018;23-11-2018;"Vanaf 22-11";"Vanaf 22-11";UP-013;UP-013;;;RA-013;RA-013;;;;;"Locatie 1, maatregel 3";"Locatie 1, maatregel 3";23-11-2018;23-11-2018;ZOAB;ZOAB;;;;;;;;;;;;;;;;;;;;;;
117;117;UP-013;UP-013;;;2-11-2018;2-11-2018;Veilig;Veilig;LVO;LVO;Hersteld;Hersteld;;;ON;ON;;;A50;A50;HRL;HRL;;;2R-L;2R-L;222,95;222,95;222,6;222,6;Ja;Ja;Nee;Nee;;;;;3;3;Rafeling;Rafeling;;;;;;;;;ZOAB;ZOAB;;;;;;;;;;;;;RB;RB;;;;;Ja;Ja;23-11-2018;23-11-2018;"Vanaf 22-11";"Vanaf 22-11";UP-013;UP-013;;;RA-013;RA-013;;;;;"Locatie 1, maatregel 3";"Locatie 1, maatregel 3";23-11-2018;23-11-2018;ZOAB;ZOAB;;;;;;;;;;;;;;;;;;;;;;
118;118;UP-013;UP-013;;;2-11-2018;2-11-2018;Veilig;Veilig;LVO;LVO;Hersteld;Hersteld;;;ON;ON;;;A50;A50;HRL;HRL;;;1R-L;1R-L;217,4;217,4;217,1;217,1;Ja;Ja;Nee;Nee;;;;;3;3;Rafeling;Rafeling;;;;;;;;;ZOAB;ZOAB;;;;;;;;;;;;;RB;RB;;;;;Ja;Ja;19-10-2018;19-10-2018;;;UP-013;UP-013;;;RA-013;RA-013;;;;;"Locatie 2, maatregel 2";"Locatie 2, maatregel 2";19-10-2018;19-10-2018;ZOAB;ZOAB;;;;;;;;;;;;;;;;;;;;;;
119;119;UP-013;UP-013;;;2-11-2018;2-11-2018;Veilig;Veilig;LVO;LVO;Hersteld;Hersteld;;;ON;ON;;;A50;A50;HRL;HRL;;;1U-L;1U-L;216,3;216,3;216,24;216,24;Ja;Ja;Nee;Nee;;;;;3;3;Rafeling;Rafeling;;;;;;;;;ZOAB;ZOAB;Ja;Ja;;;;;;;;;;;RB;RB;;;;;Ja;Ja;21-11-2018;21-11-2018;"Ook al op 2-11";"Ook al op 2-11";UP-013;UP-013;;;RA-013;RA-013;;;;;"Locatie 3, maatregel 2";"Locatie 3, maatregel 2";21-11-2018;21-11-2018;ZOAB;ZOAB;;;;;;;;;;;;;;;;;;;;;;
120;120;UP-013;UP-013;;;2-11-2018;2-11-2018;Veilig;Veilig;LVO;LVO;Hersteld;Hersteld;;;ON;ON;;;A50;A50;HRL;HRL;;;1I-L;1I-L;215,975;215,975;215,9;215,9;Ja;Ja;Nee;Nee;;;;;3;3;Rafeling;Rafeling;;;;;;;;;ZOAB;ZOAB;Ja;Ja;;;;;;;;;;;RB;RB;;;;;Ja;Ja;21-11-2018;21-11-2018;"Ook al op 2-11";"Ook al op 2-11";UP-013;UP-013;;;RA-013;RA-013;;;;;"Locatie 3, maatregel 2";"Locatie 3, maatregel 2";21-11-2018;21-11-2018;ZOAB;ZOAB;;;;;;;;;;;;;;;;;;;;;;
121;121;UP-013;UP-013;;;2-11-2018;2-11-2018;Veilig;Veilig;LVO;LVO;Hersteld;Hersteld;;;ON;ON;;;A50;A50;HRL;HRL;;;1R-L;1R-L;215,5;215,5;214,7;214,7;Ja;Ja;Nee;Nee;;;;;3;3;Rafeling;Rafeling;;;;;;;;;ZOAB;ZOAB;;;;;;;;;;;;;RB;RB;;;;;Ja;Ja;21-11-2018;21-11-2018;"Ook al op 2-11";"Ook al op 2-11";UP-013;UP-013;;;RA-013;RA-013;;;;;"Locatie 3, maatregel 2";"Locatie 3, maatregel 2";21-11-2018;21-11-2018;ZOAB;ZOAB;;;;;;;;;;;;;;;;;;;;;;
122;122;UP-013;UP-013;;;2-11-2018;2-11-2018;Veilig;Veilig;LVO;LVO;Hersteld;Hersteld;;;ON;ON;;;A50;A50;HRL;HRL;;;1R-L;1R-L;214;214;213,8;213,8;Ja;Ja;Nee;Nee;;;;;3;3;Rafeling;Rafeling;;;;;;;;;ZOAB;ZOAB;;;;;;;;;;;;;RB;RB;;;;;Ja;Ja;21-11-2018;21-11-2018;"Ook al op 2-11";"Ook al op 2-11";UP-013;UP-013;;;RA-013;RA-013;;;;;"Locatie 3, maatregel 2";"Locatie 3, maatregel 2";21-11-2018;21-11-2018;ZOAB;ZOAB;;;;;;;;;;;;;;;;;;;;;;
123;123;UP-013;UP-013;;;2-11-2018;2-11-2018;Veilig;Veilig;LVO;LVO;Hersteld;Hersteld;;;ON;ON;;;A50;A50;HRL;HRL;;;1R-L;1R-L;213,5;213,5;212,9;212,9;Ja;Ja;Nee;Nee;;;;;3;3;Rafeling;Rafeling;;;;;;;;;ZOAB;ZOAB;;;;;;;;;;;;;RB;RB;;;;;Ja;Ja;21-11-2018;21-11-2018;"Ook al op 2-11";"Ook al op 2-11";UP-013;UP-013;;;RA-013;RA-013;;;;;"Locatie 3, maatregel 2";"Locatie 3, maatregel 2";21-11-2018;21-11-2018;ZOAB;ZOAB;;;;;;;;;;;;;;;;;;;;;;
124;124;UP-013;UP-013;;;2-11-2018;2-11-2018;Veilig;Veilig;LVO;LVO;Hersteld;Hersteld;;;ON;ON;;;A50;A50;HRL;HRL;;;1U-L;1U-L;211,94;211,94;211,58;211,58;Ja;Ja;Nee;Nee;;;;;3;3;Rafeling;Rafeling;;;;;;;;;ZOAB;ZOAB;Ja;Ja;;;;;;;;;;;RB;RB;;;;;Ja;Ja;21-11-2018;21-11-2018;;;UP-013;UP-013;;;RA-013;RA-013;;;;;"Locatie 4, maatregel 2";"Locatie 4, maatregel 2";21-11-2018;21-11-2018;ZOAB;ZOAB;;;;;;;;;;;;;;;;;;;;;;
125;125;UP-013;UP-013;;;2-11-2018;2-11-2018;Veilig;Veilig;LVO;LVO;Hersteld;Hersteld;;;ON;ON;;;A50;A50;HRL;HRL;;;2R-L;2R-L;210,69;210,69;209,8;209,8;Ja;Ja;Nee;Nee;;;;;3;3;Rafeling;Rafeling;;;;;;;;;ZOAB;ZOAB;;;;;;;;;;;;;RB;RB;;;;;Ja;Ja;15-11-2018;15-11-2018;"Vanaf 14-11";"Vanaf 14-11";UP-013;UP-013;;;RA-013;RA-013;;;;;"Locatie 5, maatregel 3";"Locatie 5, maatregel 3";15-11-2018;15-11-2018;ZOAB;ZOAB;;;;;;;;;;;;;;;;;;;;;;
126;126;UP-013;UP-013;;;2-11-2018;2-11-2018;Veilig;Veilig;LVO;LVO;Hersteld;Hersteld;;;ON;ON;;;A50;A50;HRL;HRL;;;1R-L;1R-L;209,86;209,86;208,94;208,94;Ja;Ja;Nee;Nee;;;;;3;3;Rafeling;Rafeling;;;;;;;;;ZOAB;ZOAB;;;;;;;;;;;;;RB;RB;;;;;Ja;Ja;15-11-2018;15-11-2018;"Vanaf 14-11";"Vanaf 14-11";UP-013;UP-013;;;RA-013;RA-013;;;;;"Locatie 5, maatregel 3";"Locatie 5, maatregel 3";15-11-2018;15-11-2018;ZOAB;ZOAB;;;;;;;;;;;;;;;;;;;;;;
127;127;UP-013;UP-013;;;2-11-2018;2-11-2018;Veilig;Veilig;LVO;LVO;Plan;Plan;;;ON;ON;;;A50;A50;HRL;HRL;;;1R-L;1R-L;204,77;204,77;203,57;203,57;Ja;Ja;Nee;Nee;;;;;3;3;Rafeling;Rafeling;;;;;;;;;ZOAB;ZOAB;;;;;;;;;;;;;RB;RB;;;;;Ja;Ja;29-11-2018;29-11-2018;"Vanaf 28-11";"Vanaf 28-11";UP-013;UP-013;;;RA-013;RA-013;;;;;"Locatie 6, maatregel 3";"Locatie 6, maatregel 3";29-11-2018;29-11-2018;ZOAB;ZOAB;;;;;;;;;;;;;;;;;;;;;;
128;128;UP-013;UP-013;;;2-11-2018;2-11-2018;Veilig;Veilig;LVO;LVO;Hersteld;Hersteld;;;ON;ON;;;A50;A50;HRL;HRL;;;1R-L;1R-L;227,77;227,77;204,5;204,5;Ja;Ja;Nee;Nee;;;;;3;3;Rafeling;Rafeling;;;;;;;;;ZOAB;ZOAB;;;;;;;;;;;;;RB;RB;;;;;Ja;Ja;19-10-2018;19-10-2018;;;UP-013;UP-013;;;RA-013;RA-013;;;;;"Locatie 7, maatregel 1";"Locatie 7, maatregel 1";19-10-2018;19-10-2018;ZOAB;ZOAB;;;;;;;;;;;;;;;;;;;;;;
129;129;UP-013;UP-013;;;2-11-2018;2-11-2018;Veilig;Veilig;LVO;LVO;Hersteld;Hersteld;;;ON;ON;;;A50;A50;HRL;HRL;;;1R-L;1R-L;204,4;204,4;204,33;204,33;Ja;Ja;Nee;Nee;;;;;3;3;Rafeling;Rafeling;;;;;;;;;ZOAB;ZOAB;;;;;;;;;;;;;RB;RB;;;;;Ja;Ja;19-10-2018;19-10-2018;;;UP-013;UP-013;;;RA-013;RA-013;;;;;"Locatie 7, maatregel 1";"Locatie 7, maatregel 1";19-10-2018;19-10-2018;ZOAB;ZOAB;;;;;;;;;;;;;;;;;;;;;;
130;130;UP-014;UP-014;;;2-11-2018;2-11-2018;Veilig;Veilig;LVO;LVO;Plan;Plan;;;ON;ON;;;A50;A50;HRR;HRR;;;2R-R;2R-R;211,8;211,8;212,1;212,1;Ja;Ja;Nee;Nee;;;;;3;3;Rafeling;Rafeling;;;;;;;;;ZOAB;ZOAB;;;;;;;;;;;;;RB;RB;;;;;Ja;Ja;30-11-2018;30-11-2018;"Ook al op 12, 13, 26 en 27-11";"Ook al op 12, 13, 26 en 27-11";UP-014;UP-014;;;RA-014;RA-014;;;;;"Locatie 1, maatregel 3";"Locatie 1, maatregel 3";30-11-2018;30-11-2018;ZOAB;ZOAB;;;;;;;;;;;;;;;;;;;;;;
131;131;UP-014;UP-014;;;2-11-2018;2-11-2018;Veilig;Veilig;LVO;LVO;Plan;Plan;;;ON;ON;;;A50;A50;HRR;HRR;;;1I-R;1I-R;211,9;211,9;212;212;Ja;Ja;Nee;Nee;;;;;3;3;Rafeling;Rafeling;;;;;;;;;ZOAB;ZOAB;;;;;;;;;;;;;RB;RB;;;;;Ja;Ja;30-11-2018;30-11-2018;"Ook al op 12, 13, 26 en 27-11";"Ook al op 12, 13, 26 en 27-11";UP-014;UP-014;;;RA-014;RA-014;;;;;"Locatie 1, maatregel 3";"Locatie 1, maatregel 3";30-11-2018;30-11-2018;ZOAB;ZOAB;;;;;;;;;;;;;;;;;;;;;;
132;132;UP-014;UP-014;;;2-11-2018;2-11-2018;Veilig;Veilig;LVO;LVO;Plan;Plan;;;ON;ON;;;A50;A50;HRR;HRR;;;1R-R;1R-R;208,84;208,84;208;208;Ja;Ja;Nee;Nee;;;;;3;3;Rafeling;Rafeling;;;;;;;;;ZOAB;ZOAB;;;;;;;;;;;;;RB;RB;;;;;Ja;Ja;30-11-2018;30-11-2018;"Ook al op 12, 13, 26 en 27-11";"Ook al op 12, 13, 26 en 27-11";UP-014;UP-014;;;RA-014;RA-014;;;;;"Locatie 1, maatregel 3";"Locatie 1, maatregel 3";30-11-2018;30-11-2018;ZOAB;ZOAB;;;;;;;;;;;;;;;;;;;;;;
133;133;UP-014;UP-014;;;2-11-2018;2-11-2018;Veilig;Veilig;LVO;LVO;Plan;Plan;;;ON;ON;;;A50;A50;HRR;HRR;;;1R-R;1R-R;207,705;207,705;207,75;207,75;Ja;Ja;Nee;Nee;;;;;3;3;Rafeling;Rafeling;;;;;;;;;ZOAB;ZOAB;;;;;;;;;;;;;RB;RB;;;;;Ja;Ja;30-11-2018;30-11-2018;"Ook al op 12, 13, 26 en 27-11";"Ook al op 12, 13, 26 en 27-11";UP-014;UP-014;;;RA-014;RA-014;;;;;"Locatie 1, maatregel 3";"Locatie 1, maatregel 3";30-11-2018;30-11-2018;ZOAB;ZOAB;;;;;;;;;;;;;;;;;;;;;;
134;134;UP-014;UP-014;;;2-11-2018;2-11-2018;Veilig;Veilig;LVO;LVO;Plan;Plan;;;ON;ON;;;A50;A50;HRR;HRR;;;1R-R;1R-R;207,62;207,62;207,65;207,65;Ja;Ja;Nee;Nee;;;;;3;3;Rafeling;Rafeling;;;;;;;;;ZOAB;ZOAB;;;;;;;;;;;;;RB;RB;;;;;Ja;Ja;30-11-2018;30-11-2018;"Ook al op 12, 13, 26 en 27-11";"Ook al op 12, 13, 26 en 27-11";UP-014;UP-014;;;RA-014;RA-014;;;;;"Locatie 1, maatregel 3";"Locatie 1, maatregel 3";30-11-2018;30-11-2018;ZOAB;ZOAB;;;;;;;;;;;;;;;;;;;;;;
135;135;UP-014;UP-014;;;2-11-2018;2-11-2018;Veilig;Veilig;LVO;LVO;Plan;Plan;;;ON;ON;;;A50;A50;HRR;HRR;;;2R-R;2R-R;207,5;207,5;207,6;207,6;Ja;Ja;Nee;Nee;;;;;3;3;Rafeling;Rafeling;;;;;;;;;ZOAB;ZOAB;;;;;;;;;;;;;RB;RB;;;;;Ja;Ja;30-11-2018;30-11-2018;"Ook al op 12, 13, 26 en 27-11";"Ook al op 12, 13, 26 en 27-11";UP-014;UP-014;;;RA-014;RA-014;;;;;"Locatie 1, maatregel 3";"Locatie 1, maatregel 3";30-11-2018;30-11-2018;ZOAB;ZOAB;;;;;;;;;;;;;;;;;;;;;;
136;136;UP-014;UP-014;;;2-11-2018;2-11-2018;Veilig;Veilig;LVO;LVO;Plan;Plan;;;ON;ON;;;A50;A50;HRR;HRR;;;"2R-R; 1I-R";"2R-R; 1I-R";206,76;206,76;207,2;207,2;Ja;Ja;Nee;Nee;;;;;3;3;Rafeling;Rafeling;;;;;;;;;ZOAB;ZOAB;;;;;;;;;;;;;RB;RB;;;;;Ja;Ja;30-11-2018;30-11-2018;"Ook al op 12, 13, 26 en 27-11";"Ook al op 12, 13, 26 en 27-11";UP-014;UP-014;;;RA-014;RA-014;;;;;"Locatie 1, maatregel 3";"Locatie 1, maatregel 3";30-11-2018;30-11-2018;ZOAB;ZOAB;;;;;;;;;;;;;;;;;;;;;;
137;137;UP-014;UP-014;;;2-11-2018;2-11-2018;Veilig;Veilig;LVO;LVO;Plan;Plan;;;ON;ON;;;A50;A50;HRR;HRR;;;"2R-R; 1W-R";"2R-R; 1W-R";205,4;205,4;205,75;205,75;Ja;Ja;Nee;Nee;;;;;3;3;Rafeling;Rafeling;;;;;;;;;ZOAB;ZOAB;;;;;;;;;;;;;RB;RB;;;;;Ja;Ja;30-11-2018;30-11-2018;"Ook al op 12, 13, 26 en 27-11";"Ook al op 12, 13, 26 en 27-11";UP-014;UP-014;;;RA-014;RA-014;;;;;"Locatie 1, maatregel 3";"Locatie 1, maatregel 3";30-11-2018;30-11-2018;ZOAB;ZOAB;;;;;;;;;;;;;;;;;;;;;;
138;138;UP-014;UP-014;;;2-11-2018;2-11-2018;Veilig;Veilig;LVO;LVO;Plan;Plan;;;ON;ON;;;A50;A50;HRR;HRR;;;1V-R;1V-R;204,8;204,8;204,9;204,9;Ja;Ja;Nee;Nee;;;;;3;3;Rafeling;Rafeling;;;;;;;;;ZOAB;ZOAB;;;;;;;;;;;;;RB;RB;;;;;Ja;Ja;30-11-2018;30-11-2018;"Ook al op 12, 13, 26 en 27-11";"Ook al op 12, 13, 26 en 27-11";UP-014;UP-014;;;RA-014;RA-014;;;;;"Locatie 1, maatregel 3";"Locatie 1, maatregel 3";30-11-2018;30-11-2018;ZOAB;ZOAB;;;;;;;;;;;;;;;;;;;;;;
139;139;UP-014;UP-014;;;2-11-2018;2-11-2018;Veilig;Veilig;LVO;LVO;Plan;Plan;;;ON;ON;;;A50;A50;HRR;HRR;;;"1R-R; 2R-R";"1R-R; 2R-R";204,49;204,49;204,75;204,75;Ja;Ja;Nee;Nee;;;;;3;3;Rafeling;Rafeling;;;;;;;;;ZOAB;ZOAB;;;;;;;;;;;;;RB;RB;;;;;Ja;Ja;30-11-2018;30-11-2018;"Ook al op 12, 13, 26 en 27-11";"Ook al op 12, 13, 26 en 27-11";UP-014;UP-014;;;RA-014;RA-014;;;;;"Locatie 1, maatregel 3";"Locatie 1, maatregel 3";30-11-2018;30-11-2018;ZOAB;ZOAB;;;;;;;;;;;;;;;;;;;;;;
140;140;UP-014;UP-014;;;2-11-2018;2-11-2018;Veilig;Veilig;LVO;LVO;Plan;Plan;;;ON;ON;;;A50;A50;HRR;HRR;;;1R-R;1R-R;203,23;203,23;203,3;203,3;Ja;Ja;Nee;Nee;;;;;3;3;Rafeling;Rafeling;;;;;;;;;ZOAB;ZOAB;;;;;;;;;;;;;RB;RB;;;;;Ja;Ja;30-11-2018;30-11-2018;"Ook al op 12, 13, 26 en 27-11";"Ook al op 12, 13, 26 en 27-11";UP-014;UP-014;;;RA-014;RA-014;;;;;"Locatie 1, maatregel 3";"Locatie 1, maatregel 3";30-11-2018;30-11-2018;ZOAB;ZOAB;;;;;;;;;;;;;;;;;;;;;;
141;141;UP-016;UP-016;;;2-11-2018;2-11-2018;Open;Open;LVO;LVO;Plan;Plan;;;ON;ON;;;N35;N35;HRM;HRM;;;1R-R;1R-R;18,2;18,2;18,4;18,4;Nee;Nee;Nee;Nee;;;;;3;3;"Rafeling en stroefheid";"Rafeling en stroefheid";;;;;;;;;DAB;DAB;;;;;;;;;;;;;RB;RB;;;;;Ja;Ja;11-12-2018;11-12-2018;"Vanaf 10-12";"Vanaf 10-12";UP-016;UP-016;;;RA-016;RA-016;;;;;"Locatie 1, maatregel 2";"Locatie 1, maatregel 2";11-12-2018;11-12-2018;DAB;DAB;;;;;;;;;;;;;;;;;;;;;;
142;142;UP-016;UP-016;;;2-11-2018;2-11-2018;Open;Open;LVO;LVO;Plan;Plan;;;ON;ON;;;N35;N35;HRM;HRM;;;1R-L;1R-L;17,1;17,1;17,4;17,4;Nee;Nee;Nee;Nee;;;;;3;3;"Rafeling en stroefheid";"Rafeling en stroefheid";;;;;;;;;DAB;DAB;;;;;;;;;;;;;RB;RB;;;;;Ja;Ja;11-12-2018;11-12-2018;"Vanaf 10-12";"Vanaf 10-12";UP-016;UP-016;;;RA-016;RA-016;;;;;"Locatie 1, maatregel 2";"Locatie 1, maatregel 2";11-12-2018;11-12-2018;DAB;DAB;;;;;;;;;;;;;;;;;;;;;;
143;143;UP-016;UP-016;;;2-11-2018;2-11-2018;Open;Open;LVO;LVO;Plan;Plan;;;ON;ON;;;N35;N35;HRM;HRM;;;1R-R;1R-R;16,8;16,8;17,27;17,27;Nee;Nee;Nee;Nee;;;;;3;3;"Rafeling en stroefheid";"Rafeling en stroefheid";;;;;;;;;DAB;DAB;;;;;;;;;;;;;RB;RB;;;;;Ja;Ja;11-12-2018;11-12-2018;"Vanaf 10-12";"Vanaf 10-12";UP-016;UP-016;;;RA-016;RA-016;;;;;"Locatie 1, maatregel 2";"Locatie 1, maatregel 2";11-12-2018;11-12-2018;DAB;DAB;;;;;;;;;;;;;;;;;;;;;;
144;144;UP-016;UP-016;;;2-11-2018;2-11-2018;Open;Open;LVO;LVO;Plan;Plan;;;ON;ON;;;N35;N35;HRM;HRM;;;1R-L;1R-L;16,7;16,7;16,9;16,9;Nee;Nee;Nee;Nee;;;;;3;3;"Rafeling en stroefheid";"Rafeling en stroefheid";;;;;;;;;DAB;DAB;;;;;;;;;;;;;RB;RB;;;;;Ja;Ja;11-12-2018;11-12-2018;"Vanaf 10-12";"Vanaf 10-12";UP-016;UP-016;;;RA-016;RA-016;;;;;"Locatie 1, maatregel 2";"Locatie 1, maatregel 2";11-12-2018;11-12-2018;DAB;DAB;;;;;;;;;;;;;;;;;;;;;;
145;145;UP-016;UP-016;;;2-11-2018;2-11-2018;Open;Open;LVO;LVO;Plan;Plan;;;ON;ON;;;N35;N35;HRM;HRM;;;1R-R;1R-R;16,5;16,5;16,6;16,6;Nee;Nee;Nee;Nee;;;;;3;3;"Rafeling en stroefheid";"Rafeling en stroefheid";;;;;;;;;DAB;DAB;;;;;;;;;;;;;RB;RB;;;;;Ja;Ja;11-12-2018;11-12-2018;"Vanaf 10-12";"Vanaf 10-12";UP-016;UP-016;;;RA-016;RA-016;;;;;"Locatie 1, maatregel 2";"Locatie 1, maatregel 2";11-12-2018;11-12-2018;DAB;DAB;;;;;;;;;;;;;;;;;;;;;;
146;146;UP-016;UP-016;;;2-11-2018;2-11-2018;Open;Open;LVO;LVO;Plan;Plan;;;ON;ON;;;N35;N35;HRM;HRM;;;"1R-l; 1U-L";"1R-l; 1U-L";16,1;16,1;16,2;16,2;Nee;Nee;Nee;Nee;;;;;3;3;"Rafeling en stroefheid";"Rafeling en stroefheid";;;;;;;;;DAB;DAB;;;;;;;;;;;;;RB;RB;;;;;Ja;Ja;11-12-2018;11-12-2018;"Vanaf 10-12";"Vanaf 10-12";UP-016;UP-016;;;RA-016;RA-016;;;;;"Locatie 1, maatregel 2";"Locatie 1, maatregel 2";11-12-2018;11-12-2018;DAB;DAB;;;;;;;;;;;;;;;;;;;;;;
147;147;UP-016;UP-016;;;2-11-2018;2-11-2018;Open;Open;LVO;LVO;Plan;Plan;;;ON;ON;;;N35;N35;HRM;HRM;;;"1R-R; 1U-R";"1R-R; 1U-R";16;16;16,1;16,1;Nee;Nee;Nee;Nee;;;;;3;3;"Rafeling en stroefheid";"Rafeling en stroefheid";;;;;;;;;DAB;DAB;;;;;;;;;;;;;RB;RB;;;;;Ja;Ja;11-12-2018;11-12-2018;"Vanaf 10-12";"Vanaf 10-12";UP-016;UP-016;;;RA-016;RA-016;;;;;"Locatie 1, maatregel 2";"Locatie 1, maatregel 2";11-12-2018;11-12-2018;DAB;DAB;;;;;;;;;;;;;;;;;;;;;;
148;148;UP-016;UP-016;;;2-11-2018;2-11-2018;Open;Open;LVO;LVO;Plan;Plan;;;ON;ON;;;N35;N35;HRM;HRM;;;1R-L;1R-L;11,9;11,9;12;12;Nee;Nee;Nee;Nee;;;;;3;3;"Rafeling en stroefheid";"Rafeling en stroefheid";;;;;;;;;DAB;DAB;;;;;;;;;;;;;RB;RB;;;;;Ja;Ja;11-12-2018;11-12-2018;"Vanaf 10-12";"Vanaf 10-12";UP-016;UP-016;;;RA-016;RA-016;;;;;"Locatie 1, maatregel 2";"Locatie 1, maatregel 2";11-12-2018;11-12-2018;DAB;DAB;;;;;;;;;;;;;;;;;;;;;;
149;149;UP-016;UP-016;;;2-11-2018;2-11-2018;Open;Open;LVO;LVO;Plan;Plan;;;ON;ON;;;N35;N35;HRM;HRM;;;1R-R;1R-R;11,8;11,8;11,9;11,9;Nee;Nee;Nee;Nee;;;;;3;3;"Rafeling en stroefheid";"Rafeling en stroefheid";;;;;;;;;DAB;DAB;;;;;;;;;;;;;RB;RB;;;;;Ja;Ja;11-12-2018;11-12-2018;"Vanaf 10-12";"Vanaf 10-12";UP-016;UP-016;;;RA-016;RA-016;;;;;"Locatie 1, maatregel 2";"Locatie 1, maatregel 2";11-12-2018;11-12-2018;DAB;DAB;;;;;;;;;;;;;;;;;;;;;;
150;150;UP-016;UP-016;;;2-11-2018;2-11-2018;Open;Open;LVO;LVO;Plan;Plan;;;ON;ON;;;N35;N35;HRM;HRM;;;1R-L;1R-L;25,7;25,7;25,8;25,8;Nee;Nee;Nee;Nee;;;;;3;3;"Rafeling en stroefheid";"Rafeling en stroefheid";;;;;;;;;DAB;DAB;;;;;;;;;;;;;RB;RB;;;;;Ja;Ja;12-12-2018;12-12-2018;;;UP-016;UP-016;;;RA-016;RA-016;;;;;"Locatie 2, maatregel 1";"Locatie 2, maatregel 1";12-12-2018;12-12-2018;DAB;DAB;;;;;;;;;;;;;;;;;;;;;;
151;151;UP-016;UP-016;;;2-11-2018;2-11-2018;Open;Open;LVO;LVO;Plan;Plan;;;ON;ON;;;N35;N35;HRM;HRM;;;1R-R;1R-R;25,3;25,3;25,4;25,4;Nee;Nee;Nee;Nee;;;;;3;3;"Rafeling en stroefheid";"Rafeling en stroefheid";;;;;;;;;DAB;DAB;;;;;;;;;;;;;RB;RB;;;;;Ja;Ja;12-12-2018;12-12-2018;;;UP-016;UP-016;;;RA-016;RA-016;;;;;"Locatie 2, maatregel 1";"Locatie 2, maatregel 1";12-12-2018;12-12-2018;DAB;DAB;;;;;;;;;;;;;;;;;;;;;;
152;152;UP-016;UP-016;;;2-11-2018;2-11-2018;Open;Open;LVO;LVO;Plan;Plan;;;ON;ON;;;N35;N35;HRM;HRM;;;1R-L;1R-L;25,1;25,1;25,2;25,2;Nee;Nee;Nee;Nee;;;;;3;3;"Rafeling en stroefheid";"Rafeling en stroefheid";;;;;;;;;DAB;DAB;;;;;;;;;;;;;RB;RB;;;;;Ja;Ja;12-12-2018;12-12-2018;;;UP-016;UP-016;;;RA-016;RA-016;;;;;"Locatie 2, maatregel 1";"Locatie 2, maatregel 1";12-12-2018;12-12-2018;DAB;DAB;;;;;;;;;;;;;;;;;;;;;;
153;153;UP-016;UP-016;;;2-11-2018;2-11-2018;Open;Open;LVO;LVO;Plan;Plan;;;ON;ON;;;N35;N35;HRM;HRM;;;1U-L;1U-L;22,93;22,93;23,07;23,07;Nee;Nee;Nee;Nee;;;;;3;3;"Rafeling en stroefheid";"Rafeling en stroefheid";;;;;;;;;DAB;DAB;;;;;;;;;;;;;RB;RB;;;;;Ja;Ja;12-12-2018;12-12-2018;;;UP-016;UP-016;;;RA-016;RA-016;;;;;"Locatie 2, maatregel 1";"Locatie 2, maatregel 1";12-12-2018;12-12-2018;DAB;DAB;;;;;;;;;;;;;;;;;;;;;;
154;154;UP-017;UP-017;;;2-11-2018;2-11-2018;Open;Open;LVO;LVO;Plan;Plan;;;ON;ON;;;A28;A28;HRL;HRL;;;1R-L;1R-L;35,9;35,9;35,7;35,7;nee;nee;nee;nee;;;;;3;3;Rafeling;Rafeling;;;;;;;;;ZOAB;ZOAB;;;;;;;;;;;;;RB;RB;;;;;Ja;Ja;9-11-2018;9-11-2018;;;UP-017;UP-017;;;RA-017;RA-017;;;;;"Locatie 2, maatregel 2";"Locatie 2, maatregel 2";9-11-2018;9-11-2018;ZOAB;ZOAB;;;;;;;;;;;;;;;;;;;;;;
155;155;UP-017;UP-017;;;2-11-2018;2-11-2018;Open;Open;LVO;LVO;Plan;Plan;;;ON;ON;;;A28;A28;HRL;HRL;;;1R-L;1R-L;35,1;35,1;35;35;nee;nee;nee;nee;;;;;3;3;Rafeling;Rafeling;;;;;;;;;ZOAB;ZOAB;;;;;;;;;;;;;RB;RB;;;;;Ja;Ja;9-11-2018;9-11-2018;;;UP-017;UP-017;;;RA-017;RA-017;;;;;"Locatie 2, maatregel 2";"Locatie 2, maatregel 2";9-11-2018;9-11-2018;ZOAB;ZOAB;;;;;;;;;;;;;;;;;;;;;;
156;156;UP-018;UP-018;;;2-11-2018;2-11-2018;Veilig;Veilig;LVO;LVO;Hersteld;Hersteld;;;ON;ON;;;A28;A28;HRR;HRR;g;g;2R-R;2R-R;114,3;114,3;114,5;114,5;Ja;Ja;Ja;Ja;;;;;3;3;Stroefheid;Stroefheid;;;;;;;;;ZOAB;ZOAB;Ja;Ja;;;;;;;;;;;RB;RB;;;;;Ja;Ja;5-12-2018;5-12-2018;;;UP-018;UP-018;;;RA-018;RA-018;;;;;"Locatie 1, maatregel 1";"Locatie 1, maatregel 1";5-12-2018;5-12-2018;ZOAB;ZOAB;;;;;;;;;;;;;;;;;;;;;;
157;157;UP-018;UP-018;;;2-11-2018;2-11-2018;Veilig;Veilig;LVO;LVO;Hersteld;Hersteld;;;ON;ON;;;A28;A28;HRR;HRR;g;g;"1R-R; 2R-R";"1R-R; 2R-R";114,5;114,5;114,52;114,52;Ja;Ja;Ja;Ja;;;;;3;3;Stroefheid;Stroefheid;;;;;;;;;ZOAB;ZOAB;Ja;Ja;;;;;;;;;;;RB;RB;;;;;Ja;Ja;5-12-2018;5-12-2018;;;UP-018;UP-018;;;RA-018;RA-018;;;;;"Locatie 1, maatregel 1";"Locatie 1, maatregel 1";5-12-2018;5-12-2018;ZOAB;ZOAB;;;;;;;;;;;;;;;;;;;;;;
158;158;UP-018;UP-018;;;2-11-2018;2-11-2018;Veilig;Veilig;LVO;LVO;Hersteld;Hersteld;;;ON;ON;;;A32;A32;HRR;HRR;g;g;"1R-R; 2R-R";"1R-R; 2R-R";114,52;114,52;5,88;5,88;Ja;Ja;Ja;Ja;;;;;3;3;Stroefheid;Stroefheid;;;;;;;;;DAB;DAB;;;;;;;;;;;;;RB;RB;;;;;Ja;Ja;5-12-2018;5-12-2018;;;UP-018;UP-018;;;RA-018;RA-018;;;;;"Locatie 1, maatregel 1";"Locatie 1, maatregel 1";5-12-2018;5-12-2018;ZOAB;ZOAB;;;;;;;;;;;;;;;;;;;;;;
159;159;UP-018;UP-018;;;2-11-2018;2-11-2018;Veilig;Veilig;LVO;LVO;Hersteld;Hersteld;;;ON;ON;;;A32;A32;HRR;HRR;g;g;2R-R;2R-R;5,88;5,88;6,05;6,05;Nee;Nee;Ja;Ja;;;;;3;3;Stroefheid;Stroefheid;;;;;;;;;ZOAB;ZOAB;;;;;;;;;;;;;RB;RB;;;;;Ja;Ja;5-12-2018;5-12-2018;;;UP-018;UP-018;;;RA-018;RA-018;;;;;"Locatie 1, maatregel 1";"Locatie 1, maatregel 1";5-12-2018;5-12-2018;ZOAB;ZOAB;;;;;;;;;;;;;;;;;;;;;;
160;160;;;;;2-11-2018;2-11-2018;Veilig;Veilig;Spoed;Spoed;Plan;Plan;;;ON;ON;2-11-2018;2-11-2018;A1;A1;HRL;HRL;;;1R-L;1R-L;64;64;64;64;Nee;Nee;Nee;Nee;;;;;2;2;Gat;Gat;;;;;;;;;ZOAB;ZOAB;;;;;;;;;;;;;HB;HB;9;9;Ja;Ja;;;30-11-2018;30-11-2018;;;HB-005;HB-005;15-11-2018;15-11-2018;HB-005;HB-005;;;;;;;;;;;;;;;;;;;;;;;;;;;;;;;;
161;161;U562S181023101712;U562S181023101712;;;12-11-2018;12-11-2018;Open;Open;Garantie;Garantie;Hold;Hold;;;ON;ON;23-10-2018;23-10-2018;A28;A28;HRL;HRL;;;2R-L;2R-L;61,823;61,823;61,823;61,823;Nee;Nee;Nee;Nee;;;;;3;3;"Diverse scheuren";"Diverse scheuren";;;;;;;;;ZOAB;ZOAB;;;;;30-4-2022;30-4-2022;;;;;;;RB;RB;;;Ja;Ja;;;;;;;;;;;;;;;;;;;;;;;;;;;;;;;;;;;;;;;;;;;;
162;162;U562S181023112654;U562S181023112654;;;12-11-2018;12-11-2018;Veilig;Veilig;Spoed;Spoed;Plan;Plan;;;ON;ON;23-10-2018;23-10-2018;A28;A28;HRR;HRR;;;2R-R;2R-R;38,78;38,78;38,78;38,78;Nee;Nee;Nee;Nee;;;;;3;3;Gat;Gat;;;;;;;;;ZOAB;ZOAB;;;;;;;;;;;;;HB;HB;9;9;Ja;Ja;;;30-11-2018;30-11-2018;;;HB-005;HB-005;15-11-2018;15-11-2018;HB-005;HB-005;;;;;;;;;;;;;;;;;;;;;;;;;;;;;;;;
163;163;U562S181024092542;U562S181024092542;;;12-11-2018;12-11-2018;Veilig;Veilig;Spoed;Spoed;Plan;Plan;;;ON;ON;24-10-2018;24-10-2018;A28;A28;HRR;HRR;;;2R-R;2R-R;98,781;98,781;98,781;98,781;Ja;Ja;Ja;Ja;;;;;3;3;"Diverse gaten";"Diverse gaten";;;;;;;;;ZOAB;ZOAB;;;;;;;;;;;;;HB;HB;12;12;Ja;Ja;;;29-11-2018;29-11-2018;;;HB-006;HB-006;15-11-2018;15-11-2018;HB-006;HB-006;;;;;;;;;;;;;;;;;;;;;;;;;;;;;;;;
164;164;U562S181024094123;U562S181024094123;;;12-11-2018;12-11-2018;Open;Open;Spoed;Spoed;Plan;Plan;;;ON;ON;24-10-2018;24-10-2018;A28;A28;HRR;HRR;;;2R-R;2R-R;105,55;105,55;105,55;105,55;Nee;Nee;Ja;Ja;;;;;3;3;"Diverse gaten in reparatievak.";"Diverse gaten in reparatievak.";;;;;;;;;ZOAB;ZOAB;;;;;;;;;;;;;HB;HB;11;11;Ja;Ja;;;29-11-2018;29-11-2018;;;HB-006;HB-006;15-11-2018;15-11-2018;HB-006;HB-006;;;;;;;;;;;;;;;;;;;;;;;;;;;;;;;;
165;165;U562S181024094351;U562S181024094351;;;12-11-2018;12-11-2018;Open;Open;Spoed;Spoed;Plan;Plan;;;ON;ON;24-10-2018;24-10-2018;A32;A32;HRR;HRR;;;2R-R;2R-R;7,65;7,65;7,65;7,65;Nee;Nee;Nee;Nee;;;;;3;3;Gaten;Gaten;;;;;;;;;ZOABTW;ZOABTW;;;;;;;;;;;;;HB;HB;9;9;Ja;Ja;;;29-11-2018;29-11-2018;;;HB-006;HB-006;15-11-2018;15-11-2018;HB-006;HB-006;;;;;;;;;;;;;;;;;;;;;;;;;;;;;;;;
166;166;U562S181024100701;U562S181024100701;;;12-11-2018;12-11-2018;Open;Open;Garantie;Garantie;Hold;Hold;;;ON;ON;24-10-2018;24-10-2018;A32;A32;HRR;HRR;;;2R-R;2R-R;18,98;18,98;18,98;18,98;Nee;Nee;Nee;Nee;;;;;3;3;Gaten;Gaten;;;;;;;;;ZOAB;ZOAB;;;;;15-11-2024;15-11-2024;;;;;;;HB;HB;9;9;Ja;Ja;;;;;;;;;;;;;;;;;;;;;;;;;;;;;;;;;;;;;;;;;;;;
167;167;U562S181024020521;U562S181024020521;;;12-11-2018;12-11-2018;Veilig;Veilig;Spoed;Spoed;Plan;Plan;;;ON;ON;24-10-2018;24-10-2018;N50;N50;HRL;HRL;;;nvt;nvt;242,867;242,867;242,867;242,867;Ja;Ja;Nee;Nee;;;;;3;3;"Diverse gaten";"Diverse gaten";>5;>5;;;;;;;DAB;DAB;;;;;;;;;;;;;HB;HB;7;7;Ja;Ja;;;3-12-2018;3-12-2018;;;HB-004;HB-004;15-11-2018;15-11-2018;HB-004;HB-004;;;;;;;;;;;;;;;;;;;;;;;;;;;;;;;;
168;168;U562S181030114024;U562S181030114024;;;12-11-2018;12-11-2018;Open;Open;;;Plan;Plan;;;ON;ON;30-10-2018;30-10-2018;A50;A50;HRR;HRR;;;2R-R;2R-R;218,83;218,83;218,83;218,83;Ja;Ja;Nee;Nee;;;;;3;3;"Gat in rechter rijspoor";"Gat in rechter rijspoor";;;;;;;;;ZOEAB;ZOEAB;;;;;31-12-2018;31-12-2018;;;;;;;HB;HB;10;10;Ja;Ja;;;;;;;HB-009;HB-009;12-12-2018;12-12-2018;HB-009;HB-009;;;;;;;;;;;;;;;;;;;;;;;;;;;;;;;;
169;169;U562S181030115741;U562S181030115741;;;12-11-2018;12-11-2018;Open;Open;;;Plan;Plan;;;ON;ON;30-10-2018;30-10-2018;A50;A50;HRR;HRR;;;1R-R;1R-R;224,3;224,3;224,3;224,3;Ja;Ja;Nee;Nee;;;;;3;3;"Gaten op de aslijn ";"Gaten op de aslijn ";;;;;;;;;ZOEAB;ZOEAB;;;;;31-12-2018;31-12-2018;;;;;;;HB;HB;10;10;Ja;Ja;;;;;;;HB-009;HB-009;12-12-2018;12-12-2018;HB-009;HB-009;;;;;;;;;;;;;;;;;;;;;;;;;;;;;;;;
170;170;U562S181030122350;U562S181030122350;;;12-11-2018;12-11-2018;Open;Open;;;Hold;Hold;"Mogelijk met LVO mee";"Mogelijk met LVO mee";ON;ON;30-10-2018;30-10-2018;A50;A50;HRR;HRR;;;3R-R;3R-R;229,775;229,775;229,775;229,775;Ja;Ja;Nee;Nee;;;;;3;3;"Diverse gaten.";"Diverse gaten.";;;;;;;;;ZOAB;ZOAB;;;;;;;;;;;;;HB;HB;10;10;Ja;Ja;;;;;;;HB-006;HB-006;;;;;;;;;"On Hold, mogelijk binnen LVO";"On Hold, mogelijk binnen LVO";;;;;;;;;;;;;;;;;;;;;;;;;;
171;171;U562S181030123355;U562S181030123355;;;12-11-2018;12-11-2018;Veilig;Veilig;Spoed;Spoed;Plan;Plan;;;ON;ON;30-10-2018;30-10-2018;A28;A28;HRR;HRR;;;4R-R;4R-R;91,15;91,15;91,15;91,15;Ja;Ja;Ja;Ja;;;;;3;3;"Diverse gaten tegen de kantstreep ";"Diverse gaten tegen de kantstreep ";;;;;;;;;ZOABTW;ZOABTW;;;;;;;;;;;;;HB;HB;12;12;Ja;Ja;;;29-11-2018;29-11-2018;;;HB-006;HB-006;15-11-2018;15-11-2018;HB-006;HB-006;;;;;;;;;;;;;;;;;;;;;;;;;;;;;;;;
172;172;U562S181030012125;U562S181030012125;;;12-11-2018;12-11-2018;Veilig;Veilig;Spoed;Spoed;Plan;Plan;;;ON;ON;30-10-2018;30-10-2018;A28;A28;HRR;HRR;;;3R-R;3R-R;91,7;91,7;91,7;91,7;Ja;Ja;Ja;Ja;;;;;3;3;"Gaten t.h.v. Lus.";"Gaten t.h.v. Lus.";;;;;;;;;ZOABTW;ZOABTW;Ja;Ja;;;;;;;;;;;HB;HB;12;12;Ja;Ja;;;29-11-2018;29-11-2018;;;HB-006;HB-006;15-11-2018;15-11-2018;HB-006;HB-006;;;;;;;;;;;;;;;;;;;;;;;;;;;;;;;;
173;173;U562S181030013437;U562S181030013437;;;12-11-2018;12-11-2018;Veilig;Veilig;Spoed;Spoed;Plan;Plan;;;ON;ON;30-10-2018;30-10-2018;A28;A28;HRR;HRR;;;3R-R;3R-R;91,8;91,8;91,8;91,8;Ja;Ja;Ja;Ja;;;;;3;3;Gat;Gat;;;;;;;;;ZOABTW;ZOABTW;;;;;;;;;;;;;HB;HB;12;12;Ja;Ja;;;29-11-2018;29-11-2018;;;HB-006;HB-006;15-11-2018;15-11-2018;HB-006;HB-006;;;;;;;;;;;;;;;;;;;;;;;;;;;;;;;;
174;174;U341S181031115931;U341S181031115931;;;12-11-2018;12-11-2018;Veilig;Veilig;Spoed;Spoed;Plan;Plan;;;ON;ON;31-10-2018;31-10-2018;A28;A28;HRL;HRL;;;2R-L;2R-L;116,5;116,5;116,5;116,5;Nee;Nee;Nee;Nee;;;;;3;3;"Beginnend gat";"Beginnend gat";;;;;;;;;ZOAB+;ZOAB+;;;;;;;;;;;;;HB;HB;9;9;Ja;Ja;;;29-11-2018;29-11-2018;;;HB-006;HB-006;15-11-2018;15-11-2018;HB-006;HB-006;;;;;;;;;;;;;;;;;;;;;;;;;;;;;;;;
175;175;U341S181031022751;U341S181031022751;;;12-11-2018;12-11-2018;Veilig;Veilig;Spoed;Spoed;Plan;Plan;;;ON;ON;31-10-2018;31-10-2018;A28;A28;HRL;HRL;;;3R-L;3R-L;113,2;113,2;113,2;113,2;Nee;Nee;Ja;Ja;;;;;3;3;"Kleine gaten";"Kleine gaten";;;;;;;;;ZOABTW;ZOABTW;;;;;;;;;;;;;HB;HB;11;11;Ja;Ja;;;29-11-2018;29-11-2018;;;HB-006;HB-006;15-11-2018;15-11-2018;HB-006;HB-006;;;;;;;;;;;;;;;;;;;;;;;;;;;;;;;;
176;176;U341S181031023456;U341S181031023456;;;12-11-2018;12-11-2018;Open;Open;Monitoren;Monitoren;Hold;Hold;"tot volgend LVO voorstel";"tot volgend LVO voorstel";ON;ON;31-10-2018;31-10-2018;A28;A28;HRL;HRL;;;3R-L;3R-L;103,1;103,1;103,1;103,1;Nee;Nee;Ja;Ja;;;;;3;3;"Langscheuren en rafeling";"Langscheuren en rafeling";;;;;;;;;ZOABTW;ZOABTW;;;;;;;;;;;;;MON;MON;"tot volgend LVO voorstel";"tot volgend LVO voorstel";Ja;Ja;;;;;;;;;;;;;;;;;;;;;;;;;;;;;;;;;;;;;;;;;;;;
177;177;U341S181031030018;U341S181031030018;;;12-11-2018;12-11-2018;Open;Open;Monitoren;Monitoren;Hold;Hold;"tot GO 2020";"tot GO 2020";ON;ON;31-10-2018;31-10-2018;A1;A1;HRR;HRR;;;3R-R;3R-R;107,183;107,183;107,183;107,183;Ja;Ja;Ja;Ja;;;;;2;2;Rafeling;Rafeling;;;;;;;;;ZOABTW;ZOABTW;;;;;;;;;;;;;MON;MON;"tot GO 2020";"tot GO 2020";Ja;Ja;;;;;;;;;;;;;;;;;;;;;;;;;;;;;;;;;;;;;;;;;;;;
178;178;U341S181031030427;U341S181031030427;;;12-11-2018;12-11-2018;Open;Open;Monitoren;Monitoren;Hold;Hold;"tot volgend LVO voorstel";"tot volgend LVO voorstel";ON;ON;31-10-2018;31-10-2018;A28;A28;HRL;HRL;;;3R-L;3R-L;112,7;112,7;112,8;112,8;Nee;Nee;Ja;Ja;;;;;3;3;"Rafeling en spoorvorming";"Rafeling en spoorvorming";;;;;;;;;ZOABTW;ZOABTW;;;;;;;;;;;;;MON;MON;"tot volgend LVO voorstel";"tot volgend LVO voorstel";Ja;Ja;;;;;;;;;;;;;;;;;;;;;;;;;;;;;;;;;;;;;;;;;;;;
179;179;C-541;C-541;;;12-11-2018;12-11-2018;Open;Open;Garantie;Garantie;Hold;Hold;;;WIS;WIS;12-11-2018;12-11-2018;A28;A28;HRL;HRL;;;2R-L;2R-L;109,7;109,7;109,7;109,7;Nee;Nee;Ja;Ja;;;;;3;3;Gaten;Gaten;;;;;;;;;ZOAB+;ZOAB+;;;;;15-10-2022;15-10-2022;;;;;;;HB;HB;11;11;Ja;Ja;;;;;;;;;;;;;;;;;;;;;;;;;;;;;;;;;;;;;;;;;;;;
180;180;U562S181112094953;U562S181112094953;;;19-11-2018;19-11-2018;Open;Open;Spoed;Spoed;Plan;Plan;;;ON;ON;12-11-2018;12-11-2018;A1;A1;HRR;HRR;;;3R-R;3R-R;107,89;107,89;107,9;107,9;Ja;Ja;Ja;Ja;;;;;3;3;Gaten;Gaten;;;;;;;;;ZOABTW;ZOABTW;Ja;Ja;;;31-12-2021;31-12-2021;;;;;;;KA;KA;"Afgieten reomix / bitumen";"Afgieten reomix / bitumen";Ja;Ja;;;;;;;HB-007;HB-007;29-11-2018;29-11-2018;HB-007;HB-007;;;"? 8.600,00";"? 8.600,00";;;;;;;;;;;;;;;;;;;;;;;;;;;;
181;181;U562S181112095653;U562S181112095653;;;19-11-2018;19-11-2018;Open;Open;Spoed;Spoed;Plan;Plan;;;ON;ON;12-11-2018;12-11-2018;A1;A1;HRL;HRL;;;2R-L;2R-L;108,62;108,62;108,6;108,6;Ja;Ja;Ja;Ja;;;;;3;3;Gaten;Gaten;3;3;;;;;;;ZOABTW;ZOABTW;;;;;;;;;;;;;HB;HB;12;12;Ja;Ja;;;;;;;HB-007;HB-007;29-11-2018;29-11-2018;HB-007;HB-007;;;;;;;;;;;;;;;;;;;;;;;;;;;;;;;;
182;182;U562S181112101616;U562S181112101616;;;19-11-2018;19-11-2018;Open;Open;LVO;LVO;Plan;Plan;;;ON;ON;12-11-2018;12-11-2018;A1;A1;HRL;HRL;;;2R-L;2R-L;108,1;108,1;108,1;108,1;Ja;Ja;Ja;Ja;;;;;3;3;"Rafeling en gaten";"Rafeling en gaten";3;3;;;;;;;ZOABTW;ZOABTW;;;;;;;;;;;;;RB;RB;;;Ja;Ja;Ja;Ja;;;;;UP-008;UP-008;;;;;;;;;;;;;;;;;;;;;;;;;;;;;;;;;;;;
183;183;U562S181112102416;U562S181112102416;;;19-11-2018;19-11-2018;Open;Open;LVO;LVO;Plan;Plan;;;ON;ON;12-11-2018;12-11-2018;A1;A1;HRL;HRL;;;2R-L;2R-L;107,775;107,775;107,775;107,775;Ja;Ja;Ja;Ja;;;;;3;3;Gaten;Gaten;2;2;;;;;;;ZOABTW;ZOABTW;;;;;;;;;;;;;RB;RB;;;Ja;Ja;Ja;Ja;;;;;UP-008;UP-008;;;;;;;;;;;;;;;;;;;;;;;;;;;;;;;;;;;;
184;184;U562S181112102832;U562S181112102832;;;19-11-2018;19-11-2018;Open;Open;LVO;LVO;Plan;Plan;;;ON;ON;12-11-2018;12-11-2018;A1;A1;HRL;HRL;;;2R-L;2R-L;107,5;107,5;107,5;107,5;Ja;Ja;Ja;Ja;;;;;3;3;"Gaten en dwarsscheuren";"Gaten en dwarsscheuren";;;;;;;;;ZOABTW;ZOABTW;;;;;;;;;;;;;RB;RB;;;Ja;Ja;Ja;Ja;;;;;UP-008;UP-008;;;;;;;;;;;;;;;;;;;;;;;;;;;;;;;;;;;;
185;185;U562S181112103311;U562S181112103311;;;19-11-2018;19-11-2018;Open;Open;Spoed;Spoed;Plan;Plan;;;ON;ON;12-11-2018;12-11-2018;A1;A1;HRL;HRL;;;2R-L;2R-L;107,27;107,27;107,27;107,27;Ja;Ja;Ja;Ja;;;;;3;3;Gaten;Gaten;2;2;;;;;;;ZOABTW;ZOABTW;;;;;;;;;;;;;HB;HB;12;12;Ja;Ja;;;;;;;HB-007;HB-007;29-11-2018;29-11-2018;HB-007;HB-007;;;;;;;;;;;;;;;;;;;;;;;;;;;;;;;;
187;187;U562S181112110627;U562S181112110627;;;19-11-2018;19-11-2018;Open;Open;LVO;LVO;Plan;Plan;;;ON;ON;12-11-2018;12-11-2018;A1;A1;HRL;HRL;;;2R-L;2R-L;80,81;80,81;80,81;80,81;Nee;Nee;Nee;Nee;;;;;3;3;Gat;Gat;1;1;;;;;;;ZOAB;ZOAB;;;;;;;;;;;;;BB;BB;;;Ja;Ja;Ja;Ja;;;;;UP-009;UP-009;;;;;;;;;;;;;;;;;;;;;;;;;;;;;;;;;;;;
189;189;U562S181112112136;U562S181112112136;;;19-11-2018;19-11-2018;Open;Open;LVO;LVO;Plan;Plan;;;ON;ON;12-11-2018;12-11-2018;A1;A1;HRL;HRL;;;1I-L;1I-L;77,55;77,55;77,55;77,55;Nee;Nee;Nee;Nee;;;;;2;2;Dwarsscheuren;Dwarsscheuren;3;3;;;;;;;ZOAB;ZOAB;;;;;;;;;;;;;BB;BB;;;Ja;Ja;Ja;Ja;;;;;UP-009;UP-009;;;;;;;;;;;;;;;;;;;;;;;;;;;;;;;;;;;;
190;190;U562S181112113107;U562S181112113107;;;19-11-2018;19-11-2018;Open;Open;LVO;LVO;Plan;Plan;;;ON;ON;12-11-2018;12-11-2018;A1;A1;HRL;HRL;;;"1R-L; 2R-L";"1R-L; 2R-L";71,8;71,8;71,8;71,8;Nee;Nee;Nee;Nee;;;;;2;2;Gaten;Gaten;;;;;;;;;ZOAB;ZOAB;Ja;Ja;;;;;;;;;;;RB;RB;;;Ja;Ja;Ja;Ja;;;;;UP-009;UP-009;;;;;;;;;;;;;;;;;;;;;;;;;;;;;;;;;;;;
191;191;U562S181112114218;U562S181112114218;;;19-11-2018;19-11-2018;Open;Open;LVO;LVO;Plan;Plan;;;ON;ON;12-11-2018;12-11-2018;A1;A1;HRL;HRL;;;2R-L;2R-L;69,8;69,8;69,8;69,8;Nee;Nee;Nee;Nee;;;;;3;3;Gat;Gat;1;1;;;;;;;ZOAB;ZOAB;Ja;Ja;;;;;;;;;;;RB;RB;;;Ja;Ja;Ja;Ja;;;;;UP-009;UP-009;;;;;;;;;;;;;;;;;;;;;;;;;;;;;;;;;;;;
192;192;U562S181112114811;U562S181112114811;;;19-11-2018;19-11-2018;Open;Open;LVO;LVO;Plan;Plan;;;ON;ON;12-11-2018;12-11-2018;A1;A1;HRL;HRL;;;2R-L;2R-L;69,59;69,59;69,59;69,59;Nee;Nee;Nee;Nee;;;;;3;3;Gaten;Gaten;;;;;;;;;ZOAB;ZOAB;Ja;Ja;;;;;;;;;;;RB;RB;;;Ja;Ja;Ja;Ja;;;;;UP-009;UP-009;;;;;;;;;;;;;;;;;;;;;;;;;;;;;;;;;;;;
193;193;U562S181112115153;U562S181112115153;;;19-11-2018;19-11-2018;Open;Open;Spoed;Spoed;Plan;Plan;;;ON;ON;12-11-2018;12-11-2018;A1;A1;HRL;HRL;;;1R-L;1R-L;58,95;58,95;58,95;58,95;Nee;Nee;Nee;Nee;;;;;3;3;Gat;Gat;1;1;;;;;;;ZOAB+;ZOAB+;Ja;Ja;;;;;;;;;;;KA;KA;"Afgieten reomix / bitumen";"Afgieten reomix / bitumen";Ja;Ja;;;;;;;HB-008;HB-008;29-11-2018;29-11-2018;HB-008;HB-008;;;"? 10.900,00";"? 10.900,00";;;;;;;;;;;;;;;;;;;;;;;;;;;;
194;194;U562S181112120813;U562S181112120813;;;19-11-2018;19-11-2018;Open;Open;Spoed;Spoed;Plan;Plan;;;ON;ON;12-11-2018;12-11-2018;A1;A1;HRL;HRL;;;1I-L;1I-L;48,07;48,07;48,07;48,07;Ja;Ja;Ja;Ja;;;;;3;3;Gaten;Gaten;;;;;;;;;ZOABTW;ZOABTW;;;;;;;;;;;;;HB;HB;12;12;Ja;Ja;;;;;;;HB-007;HB-007;29-11-2018;29-11-2018;HB-007;HB-007;;;;;;;;;;;;;;;;;;;;;;;;;;;;;;;;
195;195;U562S181112122903;U562S181112122903;;;19-11-2018;19-11-2018;Open;Open;Spoed;Spoed;Plan;Plan;;;ON;ON;12-11-2018;12-11-2018;A1;A1;HRR;HRR;;;2R-R;2R-R;76,08;76,08;76,08;76,08;Nee;Nee;Nee;Nee;;;;;3;3;"Gat en rafeling";"Gat en rafeling";1;1;;;;;;;ZOAB;ZOAB;;;;;;;;;;;;;HB;HB;9;9;Ja;Ja;;;;;;;HB-008;HB-008;29-11-2018;29-11-2018;HB-008;HB-008;;;;;;;;;;;;;;;;;;;;;;;;;;;;;;;;
196;196;U562S181112012340;U562S181112012340;;;19-11-2018;19-11-2018;Open;Open;Spoed;Spoed;Plan;Plan;;;ON;ON;12-11-2018;12-11-2018;A1;A1;HRR;HRR;;;1R-R;1R-R;79,35;79,35;79,35;79,35;Nee;Nee;Nee;Nee;;;;;3;3;Gat;Gat;1;1;;;;;;;ZOAB;ZOAB;;;;;;;;;;;;;HB;HB;9;9;Ja;Ja;;;;;;;HB-008;HB-008;29-11-2018;29-11-2018;HB-008;HB-008;;;;;;;;;;;;;;;;;;;;;;;;;;;;;;;;
197;197;U562S181112013053;U562S181112013053;;;19-11-2018;19-11-2018;Open;Open;;;Plan;Plan;;;ON;ON;12-11-2018;12-11-2018;A1;A1;HRR;HRR;;;2R-R;2R-R;82,62;82,62;82,62;82,62;Nee;Nee;Nee;Nee;;;;;3;3;Gat;Gat;1;1;;;;;;;DAD;DAD;;;;;31-12-2018;31-12-2018;;;;;;;HB;HB;9;9;Ja;Ja;;;;;;;HB-009;HB-009;12-12-2018;12-12-2018;HB-009;HB-009;;;;;;;;;;;;;;;;;;;;;;;;;;;;;;;;
198;198;U562S181112013937;U562S181112013937;;;19-11-2018;19-11-2018;Open;Open;Garantie;Garantie;Hold;Hold;;;ON;ON;12-11-2018;12-11-2018;A1;A1;HRR;HRR;;;2R-R;2R-R;86;86;86;86;Ja;Ja;Ja;Ja;;;;;3;3;"Gaten van boorkernen";"Gaten van boorkernen";;;;;;;;;ZOAB;ZOAB;;;;;30-4-2019;30-4-2019;;;;;;;KA;KA;"Afgieten reomix / bitumen";"Afgieten reomix / bitumen";Ja;Ja;;;;;;;;;;;;;;;;;;;;;;;;;;;;;;;;;;;;;;;;;;;;
199;199;U562S181112091143;U562S181112091143;;;19-11-2018;19-11-2018;Open;Open;Spoed;Spoed;Plan;Plan;;;ON;ON;12-11-2018;12-11-2018;A1;A1;HRR;HRR;;;1I-R;1I-R;95,75;95,75;95,75;95,75;Ja;Ja;Ja;Ja;;;;;3;3;Gaten;Gaten;;;;;;;;;ZOABTW;ZOABTW;;;;;;;;;;;;;HB;HB;12;12;Ja;Ja;;;;;;;HB-007;HB-007;29-11-2018;29-11-2018;HB-007;HB-007;;;;;;;;;;;;;;;;;;;;;;;;;;;;;;;;
200;200;U562S181112092713;U562S181112092713;;;19-11-2018;19-11-2018;Open;Open;Monitoren;Monitoren;Hold;Hold;;;ON;ON;12-11-2018;12-11-2018;A1;A1;HRR;HRR;;;"1R-R, 2R-R, 3R-R";"1R-R, 2R-R, 3R-R";107,4;107,4;107,4;107,4;Ja;Ja;Ja;Ja;;;;;1;1;Dwarsscheur;Dwarsscheur;;;;;;;;;ZOABTW;ZOABTW;;;;;;;;;;;;;MON;MON;;;Ja;Ja;;;;;;;;;;;;;;;;;;;;;;;;;;;;;;;;;;;;;;;;;;;;
201;201;U562S181112094124;U562S181112094124;;;19-11-2018;19-11-2018;Open;Open;Monitoren;Monitoren;Hold;Hold;;;ON;ON;12-11-2018;12-11-2018;A1;A1;HRR;HRR;;;1I-R;1I-R;107,41;107,41;107,41;107,41;Ja;Ja;Ja;Ja;;;;;2;2;Rafeling;Rafeling;;;;;;;;;ZOABTW;ZOABTW;;;;;;;;;;;;;RB;RB;;;Ja;Ja;Ja;Ja;;;;;UP-007;UP-007;;;;;;;;;;;;;;;;;;;;;;;;;;;;;;;;;;;;
202;202;U562S181112094526;U562S181112094526;;;19-11-2018;19-11-2018;Open;Open;Monitoren;Monitoren;Hold;Hold;;;ON;ON;12-11-2018;12-11-2018;A1;A1;HRR;HRR;;;"2R-R, 3R-R";"2R-R, 3R-R";107,48;107,48;107,48;107,48;Ja;Ja;Ja;Ja;;;;;2;2;Dwarsscheuren;Dwarsscheuren;;;;;;;;;ZOABTW;ZOABTW;;;;;;;;;;;;;MON;MON;;;Ja;Ja;;;;;;;;;;;;;;;;;;;;;;;;;;;;;;;;;;;;;;;;;;;;
203;203;U562S181115113118;U562S181115113118;;;19-11-2018;19-11-2018;Open;Open;Monitoren;Monitoren;Hold;Hold;;;ON;ON;15-11-2018;15-11-2018;A1;A1;HRL;HRL;d;d;1R-L;1R-L;84,525;84,525;84,525;84,525;Nee;Nee;Ja;Ja;;;;;2;2;Langsscheur;Langsscheur;;;;;;;;;SMA;SMA;;;;;;;;;;;;;MON;MON;;;Ja;Ja;;;;;;;;;;;;;;;;;;;;;;;;;;;;;;;;;;;;;;;;;;;;
204;204;U562S181115113645;U562S181115113645;;;19-11-2018;19-11-2018;Open;Open;Monitoren;Monitoren;Hold;Hold;;;ON;ON;15-11-2018;15-11-2018;A1;A1;HRL;HRL;d;d;1R-L;1R-L;84,1;84,1;84,1;84,1;Nee;Nee;Ja;Ja;;;;;2;2;Langsscheur;Langsscheur;;;;;;;;;SMA;SMA;;;;;;;;;;;;;MON;MON;;;Ja;Ja;;;;;;;;;;;;;;;;;;;;;;;;;;;;;;;;;;;;;;;;;;;;
205;205;U562S181115114120;U562S181115114120;;;19-11-2018;19-11-2018;Open;Open;Monitoren;Monitoren;Hold;Hold;;;ON;ON;15-11-2018;15-11-2018;A1;A1;HRL;HRL;c;c;1U-L/1R-L;1U-L/1R-L;79,5;79,5;79,4;79,4;Nee;Nee;Nee;Nee;;;;;2;2;"Langs- en dwarsscheuren en rafeling";"Langs- en dwarsscheuren en rafeling";;;;;;;;;ZOAB;ZOAB;;;;;;;;;;;;;RB;RB;;;Ja;Ja;Ja;Ja;;;;;UP-009;UP-009;;;;;;;;;;;;;;;;;;;;;;;;;;;;;;;;;;;;
206;206;U562S181115114942;U562S181115114942;;;19-11-2018;19-11-2018;Open;Open;Monitoren;Monitoren;Hold;Hold;;;ON;ON;15-11-2018;15-11-2018;A1;A1;HRL;HRL;c;c;1R-L;1R-L;79,35;79,35;79,35;79,35;Nee;Nee;Nee;Nee;;;;;2;2;Rafeling;Rafeling;;;;;;;;;SMA;SMA;;;;;;;;;;;;;MON;MON;;;Ja;Ja;;;;;;;;;;;;;;;;;;;;;;;;;;;;;;;;;;;;;;;;;;;;
207;207;U562S181115115717;U562S181115115717;;;19-11-2018;19-11-2018;Open;Open;Spoed;Spoed;Plan;Plan;;;ON;ON;15-11-2018;15-11-2018;A1;A1;HRL;HRL;d;d;1R-L;1R-L;69,3;69,3;69,3;69,3;Nee;Nee;Nee;Nee;;;;;3;3;"Langs- en dwarsscheuren, rafeling en gaten";"Langs- en dwarsscheuren, rafeling en gaten";2;2;;;;;;;SMA;SMA;;;;;;;;;;;;;HB;HB;9;9;Ja;Ja;;;;;;;HB-008;HB-008;29-11-2018;29-11-2018;HB-008;HB-008;;;;;;;;;;;;;;;;;;;;;;;;;;;;;;;;
208;208;U562S181115121352;U562S181115121352;;;19-11-2018;19-11-2018;Open;Open;Spoed;Spoed;Plan;Plan;;;ON;ON;15-11-2018;15-11-2018;A1;A1;HRR;HRR;b;b;1R-R;1R-R;69,95;69,95;69,95;69,95;Nee;Nee;Nee;Nee;;;;;3;3;Dwarsscheuren;Dwarsscheuren;;;;;;;;;SMA;SMA;;;;;;;;;;;;;HB;HB;9;9;Ja;Ja;;;;;;;HB-008;HB-008;29-11-2018;29-11-2018;HB-008;HB-008;;;;;;;;;;;;;;;;;;;;;;;;;;;;;;;;
209;209;U562S181115010927;U562S181115010927;;;19-11-2018;19-11-2018;Open;Open;Spoed;Spoed;Plan;Plan;;;ON;ON;15-11-2018;15-11-2018;A1;A1;HRR;HRR;a;a;1R-R;1R-R;69,63;69,63;69,9;69,9;Nee;Nee;Nee;Nee;;;;;3;3;Dwarsscheuren;Dwarsscheuren;;;;;;;;;SMA;SMA;;;;;;;;;;;;;HB;HB;9;9;Ja;Ja;;;;;;;HB-008;HB-008;29-11-2018;29-11-2018;HB-008;HB-008;;;;;;;;;;;;;;;;;;;;;;;;;;;;;;;;
210;210;U562S181115011535;U562S181115011535;;;19-11-2018;19-11-2018;Open;Open;Spoed;Spoed;Plan;Plan;;;ON;ON;15-11-2018;15-11-2018;A1;A1;HRR;HRR;a;a;1R-R;1R-R;79,78;79,78;79,78;79,78;Nee;Nee;Nee;Nee;;;;;3;3;"Dwarsscheuren en gaten";"Dwarsscheuren en gaten";;;;;;;;;SMA;SMA;;;;;;;;;;;;;HB;HB;9;9;Ja;Ja;;;;;;;HB-008;HB-008;29-11-2018;29-11-2018;HB-008;HB-008;;;;;;;;;;;;;;;;;;;;;;;;;;;;;;;;
211;211;U562S181115013233;U562S181115013233;;;19-11-2018;19-11-2018;Open;Open;Monitoren;Monitoren;Hold;Hold;;;ON;ON;15-11-2018;15-11-2018;A1;A1;HRR;HRR;a;a;ALL;ALL;84,18;84,18;84,18;84,18;Nee;Nee;Ja;Ja;;;;;2;2;"Dwars- en langsscheuren";"Dwars- en langsscheuren";;;;;;;;;ZOAB;ZOAB;;;;;;;;;;;;;MON;MON;;;Ja;Ja;;;;;;;;;;;;;;;;;;;;;;;;;;;;;;;;;;;;;;;;;;;;
212;212;U562S181115112240;U562S181115112240;;;19-11-2018;19-11-2018;Open;Open;Monitoren;Monitoren;Hold;Hold;;;ON;ON;15-11-2018;15-11-2018;A1;A1;HRL;HRL;c;c;1R-L;1R-L;84,21;84,21;84,21;84,21;Nee;Nee;Ja;Ja;;;;;1;1;Langsscheur;Langsscheur;;;;;;;;;SMA;SMA;;;;;;;;;;;;;MON;MON;;;Ja;Ja;;;;;;;;;;;;;;;;;;;;;;;;;;;;;;;;;;;;;;;;;;;;
213;213;U562S181115014101;U562S181115014101;;;19-11-2018;19-11-2018;Open;Open;Monitoren;Monitoren;Hold;Hold;;;ON;ON;15-11-2018;15-11-2018;A1;A1;HRR;HRR;b;b;ALL;ALL;95,37;95,37;95,37;95,37;Ja;Ja;Ja;Ja;;;;;2;2;Rafeling;Rafeling;;;;;;;;;SMA;SMA;;;;;;;;;;;;;MON;MON;;;Ja;Ja;;;;;;;;;;;;;;;;;;;;;;;;;;;;;;;;;;;;;;;;;;;;
214;214;U562S181115020200;U562S181115020200;;;19-11-2018;19-11-2018;Open;Open;Spoed;Spoed;Plan;Plan;;;ON;ON;15-11-2018;15-11-2018;A1;A1;HRL;HRL;c;c;1R-L;1R-L;105,1;105,1;105,1;105,1;Ja;Ja;Ja;Ja;;;;;3;3;"Rafeling en gaten";"Rafeling en gaten";;;;;;;;;DAB;DAB;;;;;;;;;;;;;HB;HB;12;12;Ja;Ja;;;;;;;HB-007;HB-007;29-11-2018;29-11-2018;HB-007;HB-007;;;;;;;;;;;;;;;;;;;;;;;;;;;;;;;;
215;215;U562S181115022808;U562S181115022808;;;19-11-2018;19-11-2018;Open;Open;Spoed;Spoed;Plan;Plan;;;ON;ON;15-11-2018;15-11-2018;A1;A1;HRL;HRL;c;c;1R-L;1R-L;104,975;104,975;104,975;104,975;Ja;Ja;Ja;Ja;;;;;3;3;"Rafeling en gaten";"Rafeling en gaten";;;;;;;;;DAB;DAB;;;;;;;;;;;;;HB;HB;12;12;Ja;Ja;;;;;;;HB-007;HB-007;29-11-2018;29-11-2018;HB-007;HB-007;;;;;;;;;;;;;;;;;;;;;;;;;;;;;;;;
216;216;U562S181115112608;U562S181115112608;;;19-11-2018;19-11-2018;Open;Open;Monitoren;Monitoren;Hold;Hold;;;ON;ON;15-11-2018;15-11-2018;A1;A1;HRL;HRL;c;c;1R-L/2R-L;1R-L/2R-L;84,05;84,05;84,05;84,05;Nee;Nee;Ja;Ja;;;;;2;2;Langsscheuren;Langsscheuren;;;;;;;;;SMA;SMA;;;;;;;;;;;;;MON;MON;;;Ja;Ja;;;;;;;;;;;;;;;;;;;;;;;;;;;;;;;;;;;;;;;;;;;;
217;217;UP-015;UP-015;;;19-11-2018;19-11-2018;Open;Open;LVO;LVO;Plan;Plan;;;ON;ON;;;A50;A50;HRR;HRR;;;2R-R;2R-R;214,92;214,92;215,11;215,11;Ja;Ja;Nee;Nee;;;;;3;3;Rafeling;Rafeling;;;;;;;;;ZOAB;ZOAB;;;;;;;;;;;;;RB;RB;;;;;Ja;Ja;18-12-2018;18-12-2018;"Vanaf 17-12";"Vanaf 17-12";UP-015;UP-015;;;RA-015;RA-015;;;;;"Locatie 1, maatregel 3";"Locatie 1, maatregel 3";;;;;;;;;;;;;;;;;;;;;;;;;;
218;218;UP-015;UP-015;;;19-11-2018;19-11-2018;Open;Open;LVO;LVO;Plan;Plan;;;ON;ON;;;A50;A50;HRR;HRR;;;2R-R;2R-R;215,4;215,4;215,55;215,55;Ja;Ja;Nee;Nee;;;;;3;3;Rafeling;Rafeling;;;;;;;;;ZOAB;ZOAB;;;;;;;;;;;;;RB;RB;;;;;Ja;Ja;18-12-2018;18-12-2018;"Vanaf 17-12";"Vanaf 17-12";UP-015;UP-015;;;RA-015;RA-015;;;;;"Locatie 1, maatregel 3";"Locatie 1, maatregel 3";;;;;;;;;;;;;;;;;;;;;;;;;;
219;219;UP-015;UP-015;;;19-11-2018;19-11-2018;Open;Open;LVO;LVO;Plan;Plan;;;ON;ON;;;A50;A50;HRR;HRR;;;2R-R;2R-R;216,1;216,1;216,27;216,27;Ja;Ja;Nee;Nee;;;;;3;3;Rafeling;Rafeling;;;;;;;;;ZOAB;ZOAB;Ja;Ja;;;;;;;;;;;RB;RB;;;;;Ja;Ja;18-12-2018;18-12-2018;"Vanaf 17-12";"Vanaf 17-12";UP-015;UP-015;;;RA-015;RA-015;;;;;"Locatie 1, maatregel 3";"Locatie 1, maatregel 3";;;;;;;;;;;;;;;;;;;;;;;;;;
220;220;UP-015;UP-015;;;19-11-2018;19-11-2018;Open;Open;LVO;LVO;Plan;Plan;;;ON;ON;;;A50;A50;HRR;HRR;;;2R-R;2R-R;218,79;218,79;219;219;Ja;Ja;Nee;Nee;;;;;3;3;Rafeling;Rafeling;;;;;;;;;ZOAB;ZOAB;;;;;;;;;;;;;RB;RB;;;;;Ja;Ja;20-12-2018;20-12-2018;"Vanaf 19-12";"Vanaf 19-12";UP-015;UP-015;;;RA-015;RA-015;;;;;"Locatie 2, maatregel 2";"Locatie 2, maatregel 2";;;;;;;;;;;;;;;;;;;;;;;;;;
221;221;UP-015;UP-015;;;19-11-2018;19-11-2018;Open;Open;LVO;LVO;Plan;Plan;;;ON;ON;;;A50;A50;HRR;HRR;;;2R-R;2R-R;218,18;218,18;218,35;218,35;Ja;Ja;Nee;Nee;;;;;3;3;Rafeling;Rafeling;;;;;;;;;ZOAB;ZOAB;;;;;;;;;;;;;RB;RB;;;;;Ja;Ja;20-12-2018;20-12-2018;"Vanaf 19-12";"Vanaf 19-12";UP-015;UP-015;;;RA-015;RA-015;;;;;"Locatie 2, maatregel 2";"Locatie 2, maatregel 2";;;;;;;;;;;;;;;;;;;;;;;;;;
222;222;UP-015;UP-015;;;19-11-2018;19-11-2018;Open;Open;LVO;LVO;Plan;Plan;;;ON;ON;;;A50;A50;HRR;HRR;;;1R-R;1R-R;218,11;218,11;218,25;218,25;Ja;Ja;Nee;Nee;;;;;3;3;Rafeling;Rafeling;;;;;;;;;ZOAB;ZOAB;;;;;;;;;;;;;RB;RB;;;;;Ja;Ja;20-12-2018;20-12-2018;"Vanaf 19-12";"Vanaf 19-12";UP-015;UP-015;;;RA-015;RA-015;;;;;"Locatie 2, maatregel 2";"Locatie 2, maatregel 2";;;;;;;;;;;;;;;;;;;;;;;;;;
223;223;UP-015;UP-015;;;19-11-2018;19-11-2018;Open;Open;LVO;LVO;Plan;Plan;;;ON;ON;;;A50;A50;HRR;HRR;;;1V-R;1V-R;218,65;218,65;218,75;218,75;Ja;Ja;Nee;Nee;;;;;3;3;Rafeling;Rafeling;;;;;;;;;ZOAB;ZOAB;;;;;;;;;;;;;RB;RB;;;;;Ja;Ja;20-12-2018;20-12-2018;"Vanaf 19-12";"Vanaf 19-12";UP-015;UP-015;;;RA-015;RA-015;;;;;"Locatie 2, maatregel 2";"Locatie 2, maatregel 2";;;;;;;;;;;;;;;;;;;;;;;;;;
224;224;UP-015;UP-015;;;19-11-2018;19-11-2018;Open;Open;LVO;LVO;Plan;Plan;;;ON;ON;;;A50;A50;HRR;HRR;;;1V-R;1V-R;221,85;221,85;221,88;221,88;Ja;Ja;Nee;Nee;;;;;3;3;Rafeling;Rafeling;;;;;;;;;ZOAB;ZOAB;;;;;;;;;;;;;RB;RB;;;;;Ja;Ja;;;;;UP-015;UP-015;;;RA-015;RA-015;;;;;"Locatie 3, maatregel 2";"Locatie 3, maatregel 2";;;;;;;;;;;;;;;;;;;;;;;;;;
225;225;UP-015;UP-015;;;19-11-2018;19-11-2018;Open;Open;LVO;LVO;Plan;Plan;;;ON;ON;;;A50;A50;HRR;HRR;;;2R-R;2R-R;221,6;221,6;221,63;221,63;Ja;Ja;Nee;Nee;;;;;3;3;Rafeling;Rafeling;;;;;;;;;ZOAB;ZOAB;;;;;;;;;;;;;RB;RB;;;;;Ja;Ja;;;;;UP-015;UP-015;;;RA-015;RA-015;;;;;"Locatie 3, maatregel 2";"Locatie 3, maatregel 2";;;;;;;;;;;;;;;;;;;;;;;;;;
226;226;UP-015;UP-015;;;19-11-2018;19-11-2018;Open;Open;LVO;LVO;Plan;Plan;;;ON;ON;;;A50;A50;HRR;HRR;;;2I-R;2I-R;221,29;221,29;221,45;221,45;Ja;Ja;Nee;Nee;;;;;3;3;Rafeling;Rafeling;;;;;;;;;ZOAB;ZOAB;;;;;;;;;;;;;RB;RB;;;;;Ja;Ja;;;;;UP-015;UP-015;;;RA-015;RA-015;;;;;"Locatie 3, maatregel 2";"Locatie 3, maatregel 2";;;;;;;;;;;;;;;;;;;;;;;;;;
227;227;UP-015;UP-015;;;19-11-2018;19-11-2018;Open;Open;LVO;LVO;Plan;Plan;;;ON;ON;;;A50;A50;HRR;HRR;;;1U-R;1U-R;220,5;220,5;220,83;220,83;Ja;Ja;Nee;Nee;;;;;3;3;Rafeling;Rafeling;;;;;;;;;ZOAB;ZOAB;Ja;Ja;;;;;;;;;;;RB;RB;;;;;Ja;Ja;;;;;UP-015;UP-015;;;RA-015;RA-015;;;;;"Locatie 3, maatregel 2";"Locatie 3, maatregel 2";;;;;;;;;;;;;;;;;;;;;;;;;;
228;228;UP-015;UP-015;;;19-11-2018;19-11-2018;Open;Open;LVO;LVO;Plan;Plan;;;ON;ON;;;A50;A50;HRR;HRR;;;2R-R;2R-R;220,39;220,39;221,45;221,45;Ja;Ja;Nee;Nee;;;;;3;3;Rafeling;Rafeling;;;;;;;;;ZOAB;ZOAB;"ja + GMS";"ja + GMS";;;;;;;;;;;RB;RB;;;;;Ja;Ja;;;;;UP-015;UP-015;;;RA-015;RA-015;;;;;"Locatie 3, maatregel 2";"Locatie 3, maatregel 2";;;;;;;;;;;;;;;;;;;;;;;;;;
229;229;UP-015;UP-015;;;19-11-2018;19-11-2018;Open;Open;LVO;LVO;Plan;Plan;;;ON;ON;;;A50;A50;HRR;HRR;;;2R-R;2R-R;219,97;219,97;220,21;220,21;Ja;Ja;Nee;Nee;;;;;3;3;Rafeling;Rafeling;;;;;;;;;ZOAB;ZOAB;;;;;;;;;;;;;RB;RB;;;;;Ja;Ja;;;;;UP-015;UP-015;;;RA-015;RA-015;;;;;"Locatie 3, maatregel 2";"Locatie 3, maatregel 2";;;;;;;;;;;;;;;;;;;;;;;;;;
230;230;UP-015;UP-015;;;19-11-2018;19-11-2018;Open;Open;LVO;LVO;Plan;Plan;;;ON;ON;;;A50;A50;HRR;HRR;;;2R-R;2R-R;226;226;226,15;226,15;Ja;Ja;Nee;Nee;;;;;3;3;Rafeling;Rafeling;;;;;;;;;ZOAB;ZOAB;;;;;;;;;;;;;RB;RB;;;;;Ja;Ja;18-12-2018;18-12-2018;"Vanaf 17-12";"Vanaf 17-12";UP-015;UP-015;;;RA-015;RA-015;;;;;"Locatie 4, maatregel 1";"Locatie 4, maatregel 1";;;;;;;;;;;;;;;;;;;;;;;;;;
231;231;UP-015;UP-015;;;19-11-2018;19-11-2018;Open;Open;LVO;LVO;Plan;Plan;;;ON;ON;;;A50;A50;HRR;HRR;;;1R-R;1R-R;225,67;225,67;225,92;225,92;Ja;Ja;Nee;Nee;;;;;3;3;Rafeling;Rafeling;;;;;;;;;ZOAB;ZOAB;;;;;;;;;;;;;RB;RB;;;;;Ja;Ja;18-12-2018;18-12-2018;"Vanaf 17-12";"Vanaf 17-12";UP-015;UP-015;;;RA-015;RA-015;;;;;"Locatie 4, maatregel 1";"Locatie 4, maatregel 1";;;;;;;;;;;;;;;;;;;;;;;;;;
232;232;UP-015;UP-015;;;19-11-2018;19-11-2018;Open;Open;LVO;LVO;Plan;Plan;;;ON;ON;;;A50;A50;HRR;HRR;;;2R-R;2R-R;229,4;229,4;230;230;Ja;Ja;Nee;Nee;;;;;3;3;Rafeling;Rafeling;;;;;;;;;ZOAB;ZOAB;"ja + GMS";"ja + GMS";;;;;;;;;;;RB;RB;;;;;Ja;Ja;20-12-2018;20-12-2018;"Vanaf 19-12";"Vanaf 19-12";UP-015;UP-015;;;RA-015;RA-015;;;;;"Locatie 5, maatregel 2";"Locatie 5, maatregel 2";;;;;;;;;;;;;;;;;;;;;;;;;;
233;233;UP-015;UP-015;;;19-11-2018;19-11-2018;Open;Open;LVO;LVO;Plan;Plan;;;ON;ON;;;A50;A50;HRR;HRR;;;1U-R;1U-R;229,47;229,47;229,82;229,82;Ja;Ja;Nee;Nee;;;;;3;3;Rafeling;Rafeling;;;;;;;;;ZOAB;ZOAB;Ja;Ja;;;;;;;;;;;RB;RB;;;;;Ja;Ja;20-12-2018;20-12-2018;"Vanaf 19-12";"Vanaf 19-12";UP-015;UP-015;;;RA-015;RA-015;;;;;"Locatie 5, maatregel 2";"Locatie 5, maatregel 2";;;;;;;;;;;;;;;;;;;;;;;;;;
234;234;;;;;26-11-2018;26-11-2018;Open;Open;Monitoren;Monitoren;Hold;Hold;"Melding
181126-000057";"Melding
181126-000057";800;800;;;A1;A1;HRL;HRL;;;1R-L;1R-L;63,1;63,1;63,1;63,1;Nee;Nee;Nee;Nee;;;;;1;1;Scheurvorming;Scheurvorming;;;;;;;;;ZOAB;ZOAB;;;;;;;;;;;;;MON;MON;;;Ja;Ja;;;;;;;;;;;;;;;;;;;;;;;;;;;;;;;;;;;;;;;;;;;;
235;235;C-593;C-593;;;3-12-2018;3-12-2018;Open;Open;Garantie;Garantie;Hold;Hold;;;WIS;WIS;1-12-2018;1-12-2018;A28;A28;HRR;HRR;;;3R-R;3R-R;104,48;104,48;104,48;104,48;Nee;Nee;Ja;Ja;;;;;3;3;Gat;Gat;1;1;;;;;;;ZOABTW;ZOABTW;;;;;1-12-2022;1-12-2022;;;;;;;HB;HB;11;11;Ja;Ja;;;;;;;;;;;;;;;;;;;;;;;;;;;;;;;;;;;;;;;;;;;;
236;236;C-593;C-593;;;3-12-2018;3-12-2018;Open;Open;Vervolg;Vervolg;Plan;Plan;;;WIS;WIS;1-12-2018;1-12-2018;A28;A28;HRR;HRR;;;1U-R;1U-R;104,51;104,51;104,51;104,51;Nee;Nee;Ja;Ja;;;;;3;3;Gat;Gat;1;1;;;;;;;ZOABTW;ZOABTW;;;;;;;;;;;;;HB;HB;11;11;Ja;Ja;;;;;;;HB-009;HB-009;12-12-2018;12-12-2018;HB-009;HB-009;;;;;;;;;;;;;;;;;;;;;;;;;;;;;;;;
237;237;C-593;C-593;;;3-12-2018;3-12-2018;Open;Open;Garantie;Garantie;Hold;Hold;;;WIS;WIS;1-12-2018;1-12-2018;A28;A28;HRR;HRR;;;3R-R;3R-R;105,75;105,75;105,75;105,75;Nee;Nee;Ja;Ja;;;;;3;3;Gat;Gat;1;1;;;;;;;ZOABTW;ZOABTW;;;;;31-12-2021;31-12-2021;;;;;;;HB;HB;11;11;Ja;Ja;;;;;;;;;;;;;;;;;;;;;;;;;;;;;;;;;;;;;;;;;;;;
238;238;U562S181127121016;U562S181127121016;;;3-12-2018;3-12-2018;Open;Open;;;Plan;Plan;;;ON;ON;27-11-2018;27-11-2018;A28;A28;HRR;HRR;;;1I-R;1I-R;101,55;101,55;101,55;101,55;Nee;Nee;Ja;Ja;;;;;3;3;Gat;Gat;1;1;;;;;;;ZOABTW;ZOABTW;;;;;;;;;;;;;HB;HB;11;11;Ja;Ja;;;;;;;HB-009;HB-009;12-12-2018;12-12-2018;HB-009;HB-009;;;;;;;;;;;;;;;;;;;;;;;;;;;;;;;;
239;239;C-618;C-618;;;10-12-2018;10-12-2018;Open;Open;Vervolg;Vervolg;Bespreken;Bespreken;;;WIS;WIS;3-12-2018;3-12-2018;A28;A28;HRR;HRR;;;ALL;ALL;111,7;111,7;111,7;111,7;Nee;Nee;Ja;Ja;;;;;3;3;Gaten;Gaten;>5;>5;;;;;;;ZOABTW;ZOABTW;Ja;Ja;;;11-1-2022;11-1-2022;;;;;"GELDT VOOR R3";"GELDT VOOR R3";BB;BB;"incl. lussen";"incl. lussen";Ja;Ja;;;;;;;;;;;;;;;;;;;;;;;;;;;;;;;;;;;;;;;;;;;;
240;240;C-629;C-629;;;10-12-2018;10-12-2018;Open;Open;Calamiteit;Calamiteit;Hold;Hold;;;WIS;WIS;6-12-2018;6-12-2018;A1;A1;HRL;HRL;;;1V-L;1V-L;87,9;87,9;87,9;87,9;Ja;Ja;Ja;Ja;;;;;1;1;Krassen;Krassen;1;1;;;;;;;ZOABTW;ZOABTW;;;;;1-12-2022;1-12-2022;;;;;;;MON;MON;;;Ja;Ja;;;;;;;;;;;;;;;;;;;;;;;;;;;;;;;;;;;;;;;;;;;;
241;241;U562S181204112819;U562S181204112819;;;10-12-2018;10-12-2018;Open;Open;Monitoren;Monitoren;Hold;Hold;;;ON;ON;4-12-2018;4-12-2018;A28;A28;HRR;HRR;;;"2R-R; 1U-R";"2R-R; 1U-R";50,65;50,65;50,65;50,65;Nee;Nee;Nee;Nee;;;;;2;2;"Langsnaad en craquel?";"Langsnaad en craquel?";;;;;;;;;ZOAB;ZOAB;;;;;;;;;;;;;RB;RB;;;Ja;Ja;;;;;;;;;;;;;;;;;;;;;;;;;;;;;;;;;;;;;;;;;;;;
242;242;U562S181204010104;U562S181204010104;;;10-12-2018;10-12-2018;Open;Open;;;Plan;Plan;;;ON;ON;4-12-2018;4-12-2018;A28;A28;HRR;HRR;;;1V-R;1V-R;57,23;57,23;57,23;57,23;Nee;Nee;Nee;Nee;;;;;3;3;Gat;Gat;;;;;;;;;ZOAB;ZOAB;;;;;;;;;;;;;HB;HB;9;9;Ja;Ja;;;;;;;HB-009;HB-009;12-12-2018;12-12-2018;HB-009;HB-009;;;;;;;;;;;;;;;;;;;;;;;;;;;;;;;;
243;243;;;;;10-12-2018;10-12-2018;Open;Open;Garantie;Garantie;Hold;Hold;"Melding 181206-000191";"Melding 181206-000191";800;800;;;A32;A32;HRR;HRR;;;2R-R;2R-R;19,3;19,3;19,3;19,3;Nee;Nee;Nee;Nee;;;;;2;2;Gat;Gat;1;1;;;;;;;ZOAB;ZOAB;;;;;1-12-2022;1-12-2022;;;;;;;HB;HB;9;9;Ja;Ja;;;;;;;;;;;;;;;;;;;;;;;;;;;;;;;;;;;;;;;;;;;;
244;244;;;;;10-12-2018;10-12-2018;Open;Open;Garantie;Garantie;Hold;Hold;"Melding 181207-000290";"Melding 181207-000290";800;800;;;A32;A32;HRR;HRR;;;2R-R;2R-R;19,1;19,1;19,2;19,2;Nee;Nee;Nee;Nee;;;;;3;3;Gaten;Gaten;2;2;;;;;;;ZOAB;ZOAB;;;;;1-12-2024;1-12-2024;;;;;;;HB;HB;;;Ja;Ja;;;;;;;;;;;;;;;;;;;;;;;;;;;;;;;;;;;;;;;;;;;;
245;245;C-632;C-632;;;17-12-2018;17-12-2018;Open;Open;Calamiteit;Calamiteit;Check;Check;;;WIS;WIS;7-12-2018;7-12-2018;A32;A32;HRR;HRR;;;2R-R;2R-R;19,2;19,2;19,2;19,2;Nee;Nee;Nee;Nee;;;;;;;Gat;Gat;;;;;;;;;ZOAB;ZOAB;;;;;;;;;;;;;;;;;;;;;;;;;;;;;;;;;;;;;;;;;;;;;;;;;;;;;;;;;;;;;;
246;246;C-652;C-652;;;17-12-2018;17-12-2018;Open;Open;Vervolg;Vervolg;Plan;Plan;;;WIS;WIS;11-12-2018;11-12-2018;A50;A50;HRR;HRR;;;2R-R;2R-R;203,6;203,6;203,6;203,6;Ja;Ja;Ja;Ja;;;;;3;3;Gat;Gat;;;;;;;;;ZOAB;ZOAB;;;;;;;;;;;;;HB;HB;12;12;Ja;Ja;;;;;;;HB-010;HB-010;;;;;;;"? 9.800,00";"? 9.800,00";;;;;;;;;;;;;;;;;;;;;;;;;;;;
247;247;C-660;C-660;;;17-12-2018;17-12-2018;Open;Open;Vervolg;Vervolg;Plan;Plan;;;WIS;WIS;13-12-2018;13-12-2018;A50;A50;HRR;HRR;;;"1R-R;2R-R";"1R-R;2R-R";224,2;224,2;224,4;224,4;Ja;Ja;Nee;Nee;;;;;3;3;Gaten;Gaten;2;2;;;;;;;ZOAB;ZOAB;;;;;;;;;;;;;HB;HB;10;10;Ja;Ja;;;;;;;HB-010;HB-010;;;;;;;;;;;;;;;;;;;;;;;;;;;;;;;;;;;;
248;248;C-660;C-660;;;17-12-2018;17-12-2018;Open;Open;Vervolg;Vervolg;Plan;Plan;;;WIS;WIS;13-12-2018;13-12-2018;A50;A50;HRR;HRR;;;"1R-R;2R-R";"1R-R;2R-R";225,61;225,61;225,61;225,61;Ja;Ja;Nee;Nee;;;;;3;3;Gat;Gat;1;1;;;;;;;ZOAB;ZOAB;;;;;;;;;;;;;HB;HB;10;10;Ja;Ja;;;;;;;HB-010;HB-010;;;;;;;;;;;;;;;;;;;;;;;;;;;;;;;;;;;;
249;249;U562S181211104643;U562S181211104643;;;17-12-2018;17-12-2018;Open;Open;Monitoren;Monitoren;Hold;Hold;;;ON;ON;11-12-2018;11-12-2018;A28;A28;HRL;HRL;d;d;1R-L;1R-L;81,81;81,81;81,81;81,81;Nee;Nee;Nee;Nee;;;;;2;2;Gaten;Gaten;2;2;;;;;;;DAB;DAB;;;;;;;;;;;;;MON;MON;;;Ja;Ja;;;;;;;;;;;;;;;;;;;;;;;;;;;;;;;;;;;;;;;;;;;;
250;250;U562S181211105248;U562S181211105248;;;17-12-2018;17-12-2018;Open;Open;Monitoren;Monitoren;Plan;Plan;;;ON;ON;11-12-2018;11-12-2018;A28;A28;HRL;HRL;d;d;1R-L;1R-L;81,75;81,75;81,75;81,75;Nee;Nee;Nee;Nee;;;;;2;2;Langsscheuren;Langsscheuren;;;;;;;;;DAB;DAB;;;;;;;;;;;;;MON;MON;;;Ja;Ja;;;;;;;;;;;;;;;;;;;;;;;;;;;;;;;;;;;;;;;;;;;;
251;251;U562S181211105738;U562S181211105738;;;17-12-2018;17-12-2018;Open;Open;;;Plan;Plan;;;ON;ON;11-12-2018;11-12-2018;A28;A28;HRL;HRL;c;c;1R-L;1R-L;51,23;51,23;51,23;51,23;Ja;Ja;Nee;Nee;;;;;3;3;Langsscheuren;Langsscheuren;2;2;;;;;;;SMA;SMA;Ja;Ja;;;;;;;;;;;HB;HB;10;10;Ja;Ja;;;;;;;HB-010;HB-010;;;;;;;;;;;;;;;;;;;;;;;;;;;;;;;;;;;;
252;252;U562S181211124810;U562S181211124810;;;17-12-2018;17-12-2018;Open;Open;;;Plan;Plan;;;ON;ON;11-12-2018;11-12-2018;A28;A28;HRL;HRL;c;c;1R-L;1R-L;36,35;36,35;36,35;36,35;Ja;Ja;Ja;Ja;;;;;3;3;Boorgaten;Boorgaten;3;3;;;;;;;SMA;SMA;;;;;;;;;;;;;HB;HB;12;12;Ja;Ja;;;;;;;HB-010;HB-010;;;;;;;;;;;;;;;;;;;;;;;;;;;;;;;;;;;;
253;253;U562S181211010733;U562S181211010733;;;17-12-2018;17-12-2018;Open;Open;;;Bespreken;Bespreken;;;ON;ON;11-12-2018;11-12-2018;A28;A28;HRR;HRR;a;a;1R-R;1R-R;36,1;36,1;36,1;36,1;Ja;Ja;Ja;Ja;;;;;3;3;Rafeling;Rafeling;;;;;;;;;SMA;SMA;Ja;Ja;;;;;;;;;;;BB;BB;;;Ja;Ja;;;;;;;;;;;;;;;;;;;;;;;;;;;;;;;;;;;;;;;;;;;;
254;254;U562S181211013047;U562S181211013047;;;17-12-2018;17-12-2018;Open;Open;Monitoren;Monitoren;Hold;Hold;;;ON;ON;11-12-2018;11-12-2018;A28;A28;HRR;HRR;a;a;1V-R;1V-R;46,1;46,1;46,1;46,1;Nee;Nee;Nee;Nee;;;;;2;2;"Rafeling en (boor)gaten";"Rafeling en (boor)gaten";3;3;;;;;;;SMA;SMA;Ja;Ja;;;;;;;;;;;MON;MON;;;Ja;Ja;;;;;;;;;;;;;;;;;;;;;;;;;;;;;;;;;;;;;;;;;;;;
